Vanesa, 1858, FEMALE,
Fleda, 12, FEMALE,
Elliana, 8136, FEMALE,
Maida, 254, FEMALE,
Litzy, 4821, FEMALE,
Kaye, 11235, FEMALE,
Leah, 209947, FEMALE,
Maybell, 1221, FEMALE,
Millicent, 6749, FEMALE,
Maryjane, 7730, FEMALE,
Latosha, 5463, FEMALE,
Laurette, 691, FEMALE,
Daisie, 9, FEMALE,
Isabel, 111834, FEMALE,
Misti, 6682, FEMALE,
Marsha, 102166, FEMALE,
Veva, 571, FEMALE,
Ruth, 815905, FEMALE,
Caron, 845, FEMALE,
Lorayne, 124, FEMALE,
Olevia, 402, FEMALE,
Myrle, 1733, FEMALE,
Adley, 713, FEMALE,
Irena, 32, FEMALE,
Tera, 7072, FEMALE,
Christene, 2367, FEMALE,
Ruthe, 1150, FEMALE,
Selena, 45029, FEMALE,
Jayne, 24425, FEMALE,
Dorothea, 31631, FEMALE,
Willene, 1701, FEMALE,
Shanna, 25463, FEMALE,
Bea, 76, FEMALE,
Sage, 14010, FEMALE,
Jeane, 2638, FEMALE,
Sasha, 33089, FEMALE,
Campbell, 3797, FEMALE,
Kristian, 3811, FEMALE,
Cali, 11956, FEMALE,
Hazelle, 40, FEMALE,
Nana, 13, FEMALE,
Ever, 23, FEMALE,
Violette, 1736, FEMALE,
Leslee, 993, FEMALE,
Carolynn, 2171, FEMALE,
Kennedy, 58234, FEMALE,
Mckayla, 11186, FEMALE,
Kendall, 53014, FEMALE,
Coletta, 534, FEMALE,
Gerri, 3686, FEMALE,
Mandie, 683, FEMALE,
Charisse, 2030, FEMALE,
Velma, 84838, FEMALE,
Bree, 3928, FEMALE,
Jemma, 2325, FEMALE,
Ludie, 1711, FEMALE,
Marleen, 1655, FEMALE,
Zoie, 7905, FEMALE,
Emery, 12637, FEMALE,
Arlena, 196, FEMALE,
Yvonne, 152784, FEMALE,
Meggan, 749, FEMALE,
Jenniffer, 247, FEMALE,
Corine, 11577, FEMALE,
Sudie, 2511, FEMALE,
Jazlyn, 10996, FEMALE,
Alani, 4603, FEMALE,
Karan, 1995, FEMALE,
Harley, 19428, FEMALE,
Izabelle, 1068, FEMALE,
Natalie, 335404, FEMALE,
Windy, 3125, FEMALE,
Casie, 2455, FEMALE,
Leana, 35, FEMALE,
Jaslene, 2066, FEMALE,
Florance, 267, FEMALE,
Rhonda, 206377, FEMALE,
Mellie, 686, FEMALE,
Dawne, 242, FEMALE,
Lulla, 9, FEMALE,
Azzie, 12, FEMALE,
Jacqulyn, 95, FEMALE,
Benita, 11190, FEMALE,
Dorinda, 3372, FEMALE,
Alysia, 5834, FEMALE,
Doshie, 143, FEMALE,
Mira, 4732, FEMALE,
Destini, 5239, FEMALE,
Bristol, 4566, FEMALE,
Minna, 948, FEMALE,
Lilla, 1938, FEMALE,
Madonna, 7705, FEMALE,
Shaylee, 4099, FEMALE,
Corrine, 17408, FEMALE,
Mabelle, 1385, FEMALE,
Eleonora, 43, FEMALE,
Rayne, 2404, FEMALE,
Jack, 1139, FEMALE,
Danica, 11851, FEMALE,
Kendal, 5546, FEMALE,
Mima, 44, FEMALE,
Valery, 1567, FEMALE,
Aubrielle, 1307, FEMALE,
Galilea, 3525, FEMALE,
Loren, 7955, FEMALE,
Emmalynn, 1367, FEMALE,
Rozella, 1642, FEMALE,
Elizabet, 445, FEMALE,
Lizabeth, 2161, FEMALE,
Fae, 1070, FEMALE,
Latonya, 20436, FEMALE,
Martina, 14492, FEMALE,
Lockie, 51, FEMALE,
Jaimee, 958, FEMALE,
Tamra, 11349, FEMALE,
Denise, 371022, FEMALE,
Whitley, 2227, FEMALE,
Cloe, 1115, FEMALE,
Iridian, 214, FEMALE,
Edris, 16, FEMALE,
Mya, 47768, FEMALE,
Dionne, 7291, FEMALE,
Barbie, 1167, FEMALE,
Myrna, 29464, FEMALE,
Melina, 13166, FEMALE,
Demetria, 7255, FEMALE,
Reva, 12125, FEMALE,
Samiya, 264, FEMALE,
Leticia, 39880, FEMALE,
Aaron, 1370, FEMALE,
Georgie, 9496, FEMALE,
Fatima, 28125, FEMALE,
Isabela, 8128, FEMALE,
Arrie, 408, FEMALE,
Lucie, 1284, FEMALE,
Lottie, 39688, FEMALE,
Earnestine, 15114, FEMALE,
Shanice, 7629, FEMALE,
Khloe, 30721, FEMALE,
Vela, 16, FEMALE,
Anneliese, 272, FEMALE,
Syble, 4814, FEMALE,
Keely, 9670, FEMALE,
Cleda, 82, FEMALE,
Zula, 3262, FEMALE,
Nobie, 27, FEMALE,
Hilma, 2074, FEMALE,
Floyd, 10, FEMALE,
Gayla, 9393, FEMALE,
Maxine, 106082, FEMALE,
Chynna, 688, FEMALE,
Diamond, 30791, FEMALE,
Delaney, 32292, FEMALE,
Vonetta, 287, FEMALE,
Yamilex, 301, FEMALE,
Stevie, 5218, FEMALE,
Lizeth, 5668, FEMALE,
Inell, 781, FEMALE,
Petra, 7702, FEMALE,
Nautica, 669, FEMALE,
Holland, 632, FEMALE,
Debroah, 119, FEMALE,
Golden, 739, FEMALE,
Winnifred, 3492, FEMALE,
Susan, 1117579, FEMALE,
Baylie, 197, FEMALE,
Trina, 29302, FEMALE,
Dominque, 2364, FEMALE,
Marita, 1925, FEMALE,
Mayra, 30150, FEMALE,
Crissy, 697, FEMALE,
Darleen, 6573, FEMALE,
Lynsey, 2494, FEMALE,
Christopher, 7035, FEMALE,
Ceil, 51, FEMALE,
Lulu, 7344, FEMALE,
Alexandrea, 5824, FEMALE,
Vannie, 61, FEMALE,
Darby, 2978, FEMALE,
Darian, 4454, FEMALE,
Ally, 7797, FEMALE,
Zelia, 56, FEMALE,
Charline, 3754, FEMALE,
Kyla, 35856, FEMALE,
Inga, 752, FEMALE,
Retha, 9603, FEMALE,
Erline, 390, FEMALE,
Ashlynn, 20595, FEMALE,
Dani, 420, FEMALE,
Moira, 1123, FEMALE,
Ariane, 164, FEMALE,
Tyesha, 2194, FEMALE,
Ellyn, 90, FEMALE,
Nereida, 149, FEMALE,
Lavonia, 13, FEMALE,
Aja, 5207, FEMALE,
Jerica, 1833, FEMALE,
Yahaira, 603, FEMALE,
Natosha, 929, FEMALE,
Freeda, 2172, FEMALE,
Devan, 2484, FEMALE,
Sharlene, 9047, FEMALE,
Dakota, 28313, FEMALE,
Cameron, 24292, FEMALE,
Brianda, 265, FEMALE,
Clare, 26555, FEMALE,
Brynlee, 7021, FEMALE,
Kiyoko, 113, FEMALE,
Freda, 40330, FEMALE,
Tilda, 385, FEMALE,
Bethel, 2724, FEMALE,
Dara, 8811, FEMALE,
Risa, 618, FEMALE,
Fleeta, 14, FEMALE,
Neta, 1461, FEMALE,
Rubie, 3043, FEMALE,
Marilou, 1390, FEMALE,
Yolonda, 1674, FEMALE,
Jadyn, 10193, FEMALE,
Ryan, 21156, FEMALE,
Britta, 191, FEMALE,
Catherine, 646646, FEMALE,
Ida, 164433, FEMALE,
Joann, 153709, FEMALE,
Annetta, 7100, FEMALE,
Gidget, 315, FEMALE,
Audrey, 266383, FEMALE,
Rella, 61, FEMALE,
Mabel, 115559, FEMALE,
Latoria, 816, FEMALE,
Reatha, 549, FEMALE,
Therese, 31912, FEMALE,
Tory, 324, FEMALE,
Sibbie, 11, FEMALE,
Aisha, 19677, FEMALE,
Maricela, 9654, FEMALE,
Jodi, 77374, FEMALE,
Jada, 61323, FEMALE,
Alondra, 34557, FEMALE,
Valeria, 59941, FEMALE,
Georgeann, 502, FEMALE,
Otelia, 145, FEMALE,
Ciarra, 399, FEMALE,
Jalynn, 1592, FEMALE,
Dulcie, 195, FEMALE,
Leonia, 118, FEMALE,
Felipa, 114, FEMALE,
Taylor, 311303, FEMALE,
Eleanora, 3822, FEMALE,
Mignon, 40, FEMALE,
Raylee, 273, FEMALE,
Inez, 62395, FEMALE,
Miriah, 201, FEMALE,
Montserrat, 971, FEMALE,
Signa, 21, FEMALE,
Celesta, 42, FEMALE,
Yulisa, 198, FEMALE,
Channing, 330, FEMALE,
Fonda, 1342, FEMALE,
Roslyn, 13329, FEMALE,
Margie, 103735, FEMALE,
Santa, 1405, FEMALE,
Cathie, 4657, FEMALE,
Madeleine, 35911, FEMALE,
Avie, 48, FEMALE,
Kitty, 9842, FEMALE,
Gillian, 12580, FEMALE,
Chana, 6421, FEMALE,
Kristan, 2410, FEMALE,
Jessika, 3646, FEMALE,
Emmeline, 643, FEMALE,
Lylah, 2947, FEMALE,
Marlene, 127900, FEMALE,
Kellee, 646, FEMALE,
Grecia, 167, FEMALE,
Velda, 6681, FEMALE,
Ashly, 9524, FEMALE,
Aloma, 250, FEMALE,
Gunda, 12, FEMALE,
Thelma, 223182, FEMALE,
Lahoma, 50, FEMALE,
Kaylin, 16522, FEMALE,
Margret, 6862, FEMALE,
Allie, 42488, FEMALE,
Marva, 8774, FEMALE,
Lorean, 68, FEMALE,
Elida, 3261, FEMALE,
Bryleigh, 1771, FEMALE,
Elsie, 164810, FEMALE,
Yoshiko, 689, FEMALE,
Marta, 13045, FEMALE,
Madelynn, 11520, FEMALE,
Paislee, 2757, FEMALE,
Arya, 5741, FEMALE,
Lilly, 48366, FEMALE,
Irma, 69936, FEMALE,
Lexi, 19401, FEMALE,
Verena, 37, FEMALE,
Aanya, 266, FEMALE,
Erie, 324, FEMALE,
Waneta, 1539, FEMALE,
Hallie, 25320, FEMALE,
Peggie, 6036, FEMALE,
Suzie, 1039, FEMALE,
Celeste, 55264, FEMALE,
Maegan, 6819, FEMALE,
Kassidy, 16212, FEMALE,
Blanch, 5151, FEMALE,
Jeannie, 33667, FEMALE,
Onnie, 73, FEMALE,
Corda, 124, FEMALE,
Eloise, 44846, FEMALE,
Lacey, 48424, FEMALE,
Isabelle, 80512, FEMALE,
Brisa, 5612, FEMALE,
America, 8712, FEMALE,
Shaquana, 209, FEMALE,
Dariana, 267, FEMALE,
Chrissy, 1558, FEMALE,
Imo, 34, FEMALE,
Larry, 1364, FEMALE,
Qiana, 1321, FEMALE,
Lesli, 929, FEMALE,
Jannie, 12495, FEMALE,
Frederica, 75, FEMALE,
Breann, 3668, FEMALE,
Estefany, 434, FEMALE,
Marleigh, 1121, FEMALE,
Lular, 120, FEMALE,
Salena, 385, FEMALE,
Liv, 1291, FEMALE,
Veola, 281, FEMALE,
Phylicia, 1518, FEMALE,
Christena, 301, FEMALE,
Maddison, 16056, FEMALE,
Tonda, 500, FEMALE,
Nichelle, 1456, FEMALE,
Hassie, 667, FEMALE,
Anika, 11196, FEMALE,
Milagros, 4033, FEMALE,
Merry, 7712, FEMALE,
Rosella, 12930, FEMALE,
Halie, 5775, FEMALE,
Elfreda, 13, FEMALE,
Sister, 107, FEMALE,
Josette, 1831, FEMALE,
Littie, 40, FEMALE,
Lota, 44, FEMALE,
Peyton, 61809, FEMALE,
Marlen, 471, FEMALE,
Maurine, 7638, FEMALE,
Olivia, 395482, FEMALE,
Azaria, 2844, FEMALE,
Hilda, 76321, FEMALE,
Mara, 18568, FEMALE,
Devyn, 5483, FEMALE,
Leoma, 30, FEMALE,
Ocie, 2959, FEMALE,
Edna, 280031, FEMALE,
Milena, 1292, FEMALE,
Florida, 2400, FEMALE,
Dicie, 195, FEMALE,
Mollie, 42092, FEMALE,
Kamille, 256, FEMALE,
Bette, 33895, FEMALE,
Stephenie, 2795, FEMALE,
Laureen, 5175, FEMALE,
Carmella, 15099, FEMALE,
Nya, 2581, FEMALE,
Sena, 341, FEMALE,
Odell, 3307, FEMALE,
Corrie, 4316, FEMALE,
Wendi, 12515, FEMALE,
Karma, 2738, FEMALE,
Aniyah, 21279, FEMALE,
Evette, 2526, FEMALE,
Sandie, 304, FEMALE,
Viridiana, 839, FEMALE,
Jillian, 78993, FEMALE,
Gayle, 59882, FEMALE,
Sina, 113, FEMALE,
Vita, 1346, FEMALE,
Averie, 6128, FEMALE,
Atha, 175, FEMALE,
Kathie, 13492, FEMALE,
Janiya, 9243, FEMALE,
Connie, 264011, FEMALE,
Elda, 6107, FEMALE,
Latrice, 7571, FEMALE,
Siobhan, 2040, FEMALE,
Theola, 814, FEMALE,
Zina, 2252, FEMALE,
Karley, 5268, FEMALE,
Nita, 12534, FEMALE,
Audrianna, 1050, FEMALE,
Skyler, 20841, FEMALE,
Ethyle, 12, FEMALE,
Doretha, 7327, FEMALE,
Towanda, 374, FEMALE,
Blossom, 770, FEMALE,
Vivien, 1528, FEMALE,
Addie, 33064, FEMALE,
Clementine, 6099, FEMALE,
Marion, 182332, FEMALE,
Nila, 2784, FEMALE,
Elwanda, 183, FEMALE,
Lavera, 1061, FEMALE,
Renee, 183090, FEMALE,
Carlee, 9224, FEMALE,
Shiloh, 4134, FEMALE,
Marylou, 10550, FEMALE,
Shanika, 4523, FEMALE,
Teela, 175, FEMALE,
Rosanna, 11553, FEMALE,
Brionna, 2710, FEMALE,
Shannen, 216, FEMALE,
Berniece, 9106, FEMALE,
Star, 895, FEMALE,
Brigid, 225, FEMALE,
Francine, 33201, FEMALE,
Beulah, 68858, FEMALE,
Lavona, 151, FEMALE,
Jerilynn, 218, FEMALE,
Edrie, 113, FEMALE,
Joselyn, 14159, FEMALE,
Syreeta, 1249, FEMALE,
Sibyl, 2578, FEMALE,
Fiona, 20461, FEMALE,
Inger, 118, FEMALE,
Dayle, 279, FEMALE,
Ada, 81438, FEMALE,
Melanie, 236428, FEMALE,
Debbra, 2663, FEMALE,
Camille, 63075, FEMALE,
Camila, 48055, FEMALE,
Evita, 210, FEMALE,
Phoebe, 27209, FEMALE,
Jocelyne, 1677, FEMALE,
Lashonda, 8049, FEMALE,
Shirleyann, 59, FEMALE,
Marnie, 3789, FEMALE,
Peggy, 290972, FEMALE,
Garnet, 5519, FEMALE,
Bert, 28, FEMALE,
Sadye, 716, FEMALE,
Beatrice, 186318, FEMALE,
Ardath, 79, FEMALE,
Mariam, 9663, FEMALE,
Andi, 300, FEMALE,
Iris, 75796, FEMALE,
Krystal, 72730, FEMALE,
Esmeralda, 42496, FEMALE,
Beckie, 494, FEMALE,
Regan, 12681, FEMALE,
Dove, 38, FEMALE,
Joetta, 943, FEMALE,
Adelyn, 9727, FEMALE,
Carleen, 4444, FEMALE,
Elberta, 565, FEMALE,
Karie, 2584, FEMALE,
Nancie, 1240, FEMALE,
Kittie, 611, FEMALE,
Nella, 1970, FEMALE,
Cara, 49072, FEMALE,
Cristy, 5340, FEMALE,
Joselin, 685, FEMALE,
Mariann, 5044, FEMALE,
Edith, 253733, FEMALE,
Karri, 2144, FEMALE,
Laquita, 4038, FEMALE,
Ashleigh, 29906, FEMALE,
Flo, 521, FEMALE,
Zita, 799, FEMALE,
Haylee, 25750, FEMALE,
Romona, 3153, FEMALE,
Louvenia, 2237, FEMALE,
Emelie, 14, FEMALE,
Larissa, 20914, FEMALE,
Lorna, 25192, FEMALE,
Emmaline, 1284, FEMALE,
Sharday, 170, FEMALE,
Marci, 11836, FEMALE,
Lissie, 154, FEMALE,
Nala, 551, FEMALE,
Calista, 2430, FEMALE,
Viviana, 18253, FEMALE,
Delois, 7218, FEMALE,
Drew, 2720, FEMALE,
Rosaline, 1319, FEMALE,
Glendora, 382, FEMALE,
Eleanor, 269849, FEMALE,
Savanah, 7339, FEMALE,
Anjelica, 2040, FEMALE,
Jazmin, 38865, FEMALE,
Kirby, 985, FEMALE,
Allene, 7332, FEMALE,
Jazmyne, 1640, FEMALE,
Lauri, 9656, FEMALE,
Marguerite, 87554, FEMALE,
Jan, 53107, FEMALE,
Nathalie, 15277, FEMALE,
Vera, 132405, FEMALE,
Liberty, 8666, FEMALE,
Charleen, 4472, FEMALE,
Shana, 27243, FEMALE,
Gwyneth, 803, FEMALE,
Clemmie, 1228, FEMALE,
Hellen, 4901, FEMALE,
Hadassah, 2980, FEMALE,
Giuliana, 6485, FEMALE,
Evia, 46, FEMALE,
Daniele, 380, FEMALE,
Jenelle, 2358, FEMALE,
Mireya, 3738, FEMALE,
Mikaela, 16030, FEMALE,
Kaley, 10579, FEMALE,
Valerie, 253765, FEMALE,
Aria, 27663, FEMALE,
Fidelia, 10, FEMALE,
Orah, 21, FEMALE,
Ardyce, 159, FEMALE,
Margarette, 4575, FEMALE,
Margaretta, 803, FEMALE,
Dahlia, 5215, FEMALE,
Magan, 691, FEMALE,
Kerry, 46796, FEMALE,
Margo, 19260, FEMALE,
Dessa, 47, FEMALE,
Keisha, 19851, FEMALE,
Gladis, 166, FEMALE,
Linsey, 2321, FEMALE,
Terrie, 18140, FEMALE,
Samira, 1050, FEMALE,
Dimple, 1108, FEMALE,
Parker, 10996, FEMALE,
Concetta, 11845, FEMALE,
Macie, 15145, FEMALE,
Ula, 154, FEMALE,
Aimee, 51512, FEMALE,
Yolanda, 109965, FEMALE,
Milda, 25, FEMALE,
Darcy, 17773, FEMALE,
Mckenzie, 52547, FEMALE,
Mila, 19727, FEMALE,
Princess, 9430, FEMALE,
Lisa, 963755, FEMALE,
Jaleesa, 2142, FEMALE,
Tanisha, 17027, FEMALE,
Valentine, 52, FEMALE,
Kyra, 31938, FEMALE,
Renae, 10971, FEMALE,
Candyce, 289, FEMALE,
Dominga, 2021, FEMALE,
Cheyenne, 64371, FEMALE,
Adrianne, 8854, FEMALE,
Dennis, 68, FEMALE,
Deneen, 2543, FEMALE,
Lovie, 4003, FEMALE,
Kaelynn, 1676, FEMALE,
Charlotte, 319462, FEMALE,
Emmer, 1005, FEMALE,
Paris, 23625, FEMALE,
Dorothy, 1102814, FEMALE,
Samantha, 559681, FEMALE,
Jenny, 90060, FEMALE,
Jayme, 10053, FEMALE,
Vashti, 116, FEMALE,
Sarina, 2545, FEMALE,
Ethel, 262264, FEMALE,
Jayda, 16519, FEMALE,
Gladyce, 233, FEMALE,
Adell, 4689, FEMALE,
Yuridia, 839, FEMALE,
Thekla, 26, FEMALE,
Karolyn, 1998, FEMALE,
Tempie, 355, FEMALE,
Gail, 199749, FEMALE,
Dawn, 286638, FEMALE,
Marisa, 47375, FEMALE,
Nohely, 215, FEMALE,
Abby, 54820, FEMALE,
Myah, 7130, FEMALE,
Amani, 8132, FEMALE,
Jolene, 26910, FEMALE,
Izora, 289, FEMALE,
Savanna, 28426, FEMALE,
Buffy, 2654, FEMALE,
Jordin, 1316, FEMALE,
Gale, 18412, FEMALE,
Elise, 60488, FEMALE,
Haleigh, 12408, FEMALE,
Kadijah, 799, FEMALE,
Clara, 253352, FEMALE,
Riya, 2674, FEMALE,
Paisley, 21563, FEMALE,
Hortensia, 131, FEMALE,
Amia, 1005, FEMALE,
Reba, 31961, FEMALE,
Kennedi, 9158, FEMALE,
Caren, 7394, FEMALE,
Michael, 19178, FEMALE,
Angie, 60960, FEMALE,
Odette, 32, FEMALE,
Ciji, 394, FEMALE,
Janessa, 11403, FEMALE,
Nikole, 4248, FEMALE,
Milana, 1403, FEMALE,
Carmen, 135108, FEMALE,
Roy, 395, FEMALE,
Jazlene, 340, FEMALE,
Twyla, 3449, FEMALE,
Versie, 1321, FEMALE,
Carli, 4428, FEMALE,
Leona, 101927, FEMALE,
Demi, 5204, FEMALE,
Sharyn, 4967, FEMALE,
Kimora, 6737, FEMALE,
Carolyn, 553289, FEMALE,
Cecilia, 90733, FEMALE,
Tamia, 10167, FEMALE,
Michell, 3556, FEMALE,
Yesenia, 37395, FEMALE,
Joni, 25671, FEMALE,
Roxana, 4969, FEMALE,
Luanne, 7647, FEMALE,
Aubri, 1281, FEMALE,
Natalia, 55203, FEMALE,
Corinna, 2999, FEMALE,
Marquita, 7097, FEMALE,
Ramona, 64083, FEMALE,
Reina, 4812, FEMALE,
Domenica, 375, FEMALE,
Katherin, 277, FEMALE,
Tabetha, 901, FEMALE,
Nilda, 117, FEMALE,
Heavenly, 278, FEMALE,
Ressie, 801, FEMALE,
Nadia, 37520, FEMALE,
Robbin, 6972, FEMALE,
Zettie, 266, FEMALE,
Austin, 415, FEMALE,
Kiersten, 11679, FEMALE,
Pandora, 132, FEMALE,
Alia, 6100, FEMALE,
Adison, 1069, FEMALE,
Jeanne, 160922, FEMALE,
Violeta, 160, FEMALE,
Alba, 600, FEMALE,
Andrea, 426225, FEMALE,
Lydia, 152957, FEMALE,
Sharen, 2568, FEMALE,
Valorie, 4680, FEMALE,
Shelvie, 64, FEMALE,
Kayleigh, 28146, FEMALE,
Charleigh, 2667, FEMALE,
Georgiann, 396, FEMALE,
Vicky, 49488, FEMALE,
Remington, 872, FEMALE,
Grace, 460205, FEMALE,
Ayana, 7698, FEMALE,
Tayler, 9128, FEMALE,
Payton, 47289, FEMALE,
Carina, 12466, FEMALE,
Kristyn, 5589, FEMALE,
Zandra, 354, FEMALE,
Adrienne, 65999, FEMALE,
Cecile, 17991, FEMALE,
Norine, 3569, FEMALE,
Keena, 152, FEMALE,
Milan, 2954, FEMALE,
Evangelina, 2174, FEMALE,
Noel, 9030, FEMALE,
Blakely, 3197, FEMALE,
Wilhelmine, 108, FEMALE,
Mettie, 322, FEMALE,
Vassie, 165, FEMALE,
Lura, 6668, FEMALE,
Bobbi, 21557, FEMALE,
Rosia, 2250, FEMALE,
Vernell, 5777, FEMALE,
Viola, 123323, FEMALE,
Scott, 253, FEMALE,
Iyana, 2178, FEMALE,
Candi, 5832, FEMALE,
Helga, 397, FEMALE,
Lilith, 2139, FEMALE,
Charla, 5978, FEMALE,
Annalee, 1127, FEMALE,
Edythe, 12231, FEMALE,
Caitlynn, 1679, FEMALE,
Claire, 171996, FEMALE,
Deirdre, 14632, FEMALE,
Rory, 2114, FEMALE,
Greta, 21858, FEMALE,
Aida, 5993, FEMALE,
Cristen, 152, FEMALE,
Lela, 35098, FEMALE,
Lyla, 21086, FEMALE,
Lonnie, 4869, FEMALE,
Shelli, 5232, FEMALE,
Christina, 473175, FEMALE,
Palma, 2159, FEMALE,
Yasmine, 9706, FEMALE,
Laraine, 1757, FEMALE,
Toccara, 698, FEMALE,
Raelynn, 6757, FEMALE,
Cleone, 45, FEMALE,
Mozelle, 4477, FEMALE,
Chandra, 15544, FEMALE,
Carmela, 19453, FEMALE,
Mistie, 415, FEMALE,
Bernadette, 50501, FEMALE,
Becky, 84039, FEMALE,
Mimi, 2840, FEMALE,
Shonna, 1105, FEMALE,
Kallie, 8279, FEMALE,
Trinidad, 1640, FEMALE,
Aubriana, 257, FEMALE,
Onie, 740, FEMALE,
Charlee, 6522, FEMALE,
Myrl, 1102, FEMALE,
Beaulah, 1496, FEMALE,
Cherie, 28424, FEMALE,
Belinda, 68998, FEMALE,
Gertha, 406, FEMALE,
Verne, 27, FEMALE,
Gaye, 4949, FEMALE,
Hope, 84836, FEMALE,
Kelly, 469281, FEMALE,
Rhoda, 22507, FEMALE,
Cordia, 401, FEMALE,
Adalynn, 10720, FEMALE,
Emilie, 22270, FEMALE,
Hailee, 13423, FEMALE,
Isabell, 10485, FEMALE,
Imani, 21118, FEMALE,
Yessenia, 4600, FEMALE,
Vesta, 6416, FEMALE,
Orrie, 13, FEMALE,
Elianna, 2968, FEMALE,
Elsa, 27029, FEMALE,
Sammie, 5195, FEMALE,
Una, 5238, FEMALE,
Francisca, 7388, FEMALE,
Ivah, 205, FEMALE,
Shellie, 7656, FEMALE,
Mallory, 51694, FEMALE,
Ginny, 4914, FEMALE,
Kamilah, 172, FEMALE,
Shania, 13414, FEMALE,
Beth, 157372, FEMALE,
Deanna, 132581, FEMALE,
Brittnee, 1238, FEMALE,
Shelvia, 118, FEMALE,
Alexus, 17482, FEMALE,
Clyde, 2973, FEMALE,
Goldia, 1086, FEMALE,
Jannette, 1157, FEMALE,
Ireland, 2860, FEMALE,
Kayli, 3913, FEMALE,
Ninnie, 19, FEMALE,
Eda, 2068, FEMALE,
Louis, 788, FEMALE,
Mitzi, 10475, FEMALE,
Euna, 1283, FEMALE,
Manuelita, 16, FEMALE,
Corinne, 46665, FEMALE,
Alice, 535394, FEMALE,
Yasmeen, 1956, FEMALE,
Jerrilyn, 86, FEMALE,
Sharleen, 133, FEMALE,
Maye, 896, FEMALE,
Taja, 259, FEMALE,
Myra, 56403, FEMALE,
Andra, 1406, FEMALE,
Julisa, 292, FEMALE,
Josephine, 290857, FEMALE,
Florie, 27, FEMALE,
Diane, 516006, FEMALE,
Minnie, 134784, FEMALE,
Hermine, 333, FEMALE,
Melonie, 2182, FEMALE,
Adelynn, 4998, FEMALE,
Rosann, 945, FEMALE,
Clarice, 21139, FEMALE,
Shalon, 168, FEMALE,
Jacque, 2542, FEMALE,
Bettina, 3023, FEMALE,
Berdie, 180, FEMALE,
Icy, 319, FEMALE,
Kristin, 177472, FEMALE,
Emily, 817254, FEMALE,
Kalani, 331, FEMALE,
Gennie, 161, FEMALE,
Harlee, 1158, FEMALE,
Janay, 3003, FEMALE,
Marylee, 711, FEMALE,
Michelina, 52, FEMALE,
Odile, 171, FEMALE,
Jann, 724, FEMALE,
William, 14373, FEMALE,
Carri, 1641, FEMALE,
Lidia, 725, FEMALE,
Pepper, 132, FEMALE,
Marni, 1802, FEMALE,
Cliffie, 11, FEMALE,
Jesse, 7663, FEMALE,
Maggie, 104721, FEMALE,
Kendra, 92703, FEMALE,
Ardell, 1676, FEMALE,
Aubrianna, 1508, FEMALE,
Lucretia, 8504, FEMALE,
Bev, 354, FEMALE,
Jewel, 35583, FEMALE,
Alexander, 1617, FEMALE,
Ira, 3181, FEMALE,
Almira, 261, FEMALE,
Billy, 2609, FEMALE,
Dylan, 8251, FEMALE,
Alysha, 6471, FEMALE,
Jenni, 2458, FEMALE,
Stephani, 795, FEMALE,
Marylouise, 119, FEMALE,
Jeffie, 46, FEMALE,
Julie, 506336, FEMALE,
Phylis, 1624, FEMALE,
Kelsi, 6852, FEMALE,
Donita, 2906, FEMALE,
Caroline, 211902, FEMALE,
Essie, 36077, FEMALE,
Krysta, 4213, FEMALE,
Dallas, 5096, FEMALE,
Roxanna, 8046, FEMALE,
Brooklynn, 26282, FEMALE,
Sommer, 2333, FEMALE,
Annette, 165372, FEMALE,
Adel, 11, FEMALE,
Brittani, 10557, FEMALE,
Devin, 14572, FEMALE,
Augusta, 11153, FEMALE,
Alfreda, 10059, FEMALE,
Stephania, 572, FEMALE,
Charli, 2470, FEMALE,
Carlota, 10, FEMALE,
Jade, 74258, FEMALE,
Elisabeth, 44576, FEMALE,
Louanna, 9, FEMALE,
Maliyah, 8263, FEMALE,
Latoya, 44017, FEMALE,
Leyla, 3992, FEMALE,
Migdalia, 2338, FEMALE,
Tana, 7077, FEMALE,
Icie, 582, FEMALE,
Charlsie, 59, FEMALE,
Kasey, 30449, FEMALE,
Jerry, 15600, FEMALE,
Temperance, 1203, FEMALE,
Dayana, 8872, FEMALE,
Bianca, 68771, FEMALE,
Aiyanna, 557, FEMALE,
Eulah, 963, FEMALE,
Manda, 414, FEMALE,
Esther, 247881, FEMALE,
Trisha, 36432, FEMALE,
Stacey, 145170, FEMALE,
Kacy, 1314, FEMALE,
Katy, 16199, FEMALE,
Delcie, 96, FEMALE,
Enola, 1089, FEMALE,
Elenora, 2276, FEMALE,
Kortney, 2919, FEMALE,
Rosalyn, 16687, FEMALE,
Dottie, 7457, FEMALE,
Dinah, 5917, FEMALE,
Beverly, 374007, FEMALE,
Yajaira, 1029, FEMALE,
Elouise, 7989, FEMALE,
Kristy, 67968, FEMALE,
Alva, 6225, FEMALE,
Rebecca, 741002, FEMALE,
Tenika, 157, FEMALE,
Isla, 11476, FEMALE,
Braelynn, 2822, FEMALE,
Cicely, 468, FEMALE,
Keira, 24143, FEMALE,
Margurite, 392, FEMALE,
Zelda, 10432, FEMALE,
Arleen, 10013, FEMALE,
Allyn, 89, FEMALE,
Stacy, 160754, FEMALE,
Roberta, 168631, FEMALE,
Maleah, 4923, FEMALE,
Johnie, 4168, FEMALE,
Ethie, 9, FEMALE,
Shawnda, 823, FEMALE,
Mandi, 7649, FEMALE,
Daphne, 33236, FEMALE,
Jordyn, 47058, FEMALE,
Kristine, 81653, FEMALE,
Aminah, 302, FEMALE,
Malissie, 9, FEMALE,
Patience, 6446, FEMALE,
Maryann, 58607, FEMALE,
Kerri, 35340, FEMALE,
Tristan, 2269, FEMALE,
Xiomara, 2233, FEMALE,
Amie, 17366, FEMALE,
Tyra, 10777, FEMALE,
Evonne, 1498, FEMALE,
Katia, 1222, FEMALE,
Cinda, 2764, FEMALE,
Santana, 1610, FEMALE,
Assunta, 116, FEMALE,
Ivie, 29, FEMALE,
Rose, 466082, FEMALE,
Ivy, 40919, FEMALE,
Minerva, 11233, FEMALE,
Zela, 12, FEMALE,
Lula, 73272, FEMALE,
Darline, 2090, FEMALE,
Hayley, 46427, FEMALE,
Shamika, 4066, FEMALE,
Cecelia, 53788, FEMALE,
Caldonia, 32, FEMALE,
Cristina, 48767, FEMALE,
Camilla, 16405, FEMALE,
Britny, 567, FEMALE,
Lorenza, 86, FEMALE,
Lady, 119, FEMALE,
Else, 33, FEMALE,
Merlene, 1061, FEMALE,
Aretha, 2631, FEMALE,
Aliyah, 32857, FEMALE,
Hattie, 83912, FEMALE,
Melva, 12609, FEMALE,
Haley, 151978, FEMALE,
Barbra, 5629, FEMALE,
Ernest, 14, FEMALE,
Rihanna, 4722, FEMALE,
Tamera, 10950, FEMALE,
Neoma, 2316, FEMALE,
Mikayla, 50467, FEMALE,
Naya, 718, FEMALE,
Sanjuana, 199, FEMALE,
Cambria, 1074, FEMALE,
Lenna, 849, FEMALE,
Marcelle, 2171, FEMALE,
Odie, 656, FEMALE,
Tatyana, 8403, FEMALE,
Everleigh, 1154, FEMALE,
Corean, 97, FEMALE,
Clarisa, 323, FEMALE,
Abril, 6067, FEMALE,
Carl, 220, FEMALE,
Brenda, 605611, FEMALE,
Katharine, 38603, FEMALE,
Giovanna, 7716, FEMALE,
Mariela, 7245, FEMALE,
Liz, 4946, FEMALE,
Kizzie, 599, FEMALE,
Karlee, 10241, FEMALE,
Freddie, 9211, FEMALE,
Almeta, 721, FEMALE,
Tommie, 15007, FEMALE,
Ashli, 3417, FEMALE,
Kyleigh, 15666, FEMALE,
Avalyn, 525, FEMALE,
Macy, 25883, FEMALE,
Melany, 9161, FEMALE,
Santos, 772, FEMALE,
Thora, 945, FEMALE,
Lillian, 415355, FEMALE,
Madie, 2072, FEMALE,
Gisele, 811, FEMALE,
Shatara, 159, FEMALE,
Margaretha, 34, FEMALE,
Lindsay, 127162, FEMALE,
Tatianna, 2366, FEMALE,
Lorrie, 15592, FEMALE,
Nevada, 286, FEMALE,
Lauren, 462035, FEMALE,
Elena, 66839, FEMALE,
Letha, 17317, FEMALE,
Alberta, 67349, FEMALE,
Freya, 1558, FEMALE,
Ami, 4452, FEMALE,
Yetta, 2948, FEMALE,
Kaleigh, 14652, FEMALE,
Mendy, 906, FEMALE,
Amaris, 1977, FEMALE,
Sheilah, 198, FEMALE,
Tabitha, 56490, FEMALE,
Joy, 132441, FEMALE,
Amina, 6146, FEMALE,
Symone, 966, FEMALE,
Hali, 2137, FEMALE,
Gwyn, 254, FEMALE,
Bebe, 119, FEMALE,
Lynette, 39526, FEMALE,
Maralyn, 114, FEMALE,
Kailee, 10383, FEMALE,
Thomasina, 54, FEMALE,
Cyndi, 1471, FEMALE,
Theresia, 179, FEMALE,
Noelle, 29564, FEMALE,
Deana, 20435, FEMALE,
Priscila, 711, FEMALE,
Kathryn, 446336, FEMALE,
Jessenia, 1390, FEMALE,
Garnett, 1758, FEMALE,
Odalis, 905, FEMALE,
Chase, 668, FEMALE,
Marjorie, 268747, FEMALE,
Laila, 27276, FEMALE,
Charlie, 15159, FEMALE,
Mintie, 71, FEMALE,
Randy, 3162, FEMALE,
Madlyn, 201, FEMALE,
Vonda, 9111, FEMALE,
Loree, 26, FEMALE,
Carolann, 2786, FEMALE,
Colleen, 160212, FEMALE,
Zaria, 7751, FEMALE,
Jaycee, 6939, FEMALE,
Bertina, 10, FEMALE,
Jacquline, 5054, FEMALE,
Tess, 11158, FEMALE,
Lise, 1303, FEMALE,
Nanie, 106, FEMALE,
Joanie, 2157, FEMALE,
Aleta, 3123, FEMALE,
Demetra, 371, FEMALE,
Missie, 46, FEMALE,
Joi, 164, FEMALE,
Geneva, 83216, FEMALE,
Alize, 3249, FEMALE,
Lois, 327793, FEMALE,
Bertie, 11708, FEMALE,
Gusta, 115, FEMALE,
Alethea, 523, FEMALE,
Shirlee, 4433, FEMALE,
Laurel, 42032, FEMALE,
Ione, 8399, FEMALE,
Marvel, 3957, FEMALE,
Danyelle, 2822, FEMALE,
Collins, 996, FEMALE,
Ardeth, 286, FEMALE,
Idamae, 54, FEMALE,
Tami, 36484, FEMALE,
Myrtie, 3095, FEMALE,
Reyna, 12137, FEMALE,
Makala, 744, FEMALE,
Tai, 160, FEMALE,
Akira, 2474, FEMALE,
Kelsey, 143605, FEMALE,
Ronna, 3470, FEMALE,
Laney, 7987, FEMALE,
Jewell, 26211, FEMALE,
Iliana, 8269, FEMALE,
Asha, 2888, FEMALE,
Wende, 139, FEMALE,
Elvera, 4360, FEMALE,
Kori, 7819, FEMALE,
Charley, 3365, FEMALE,
Elisha, 9893, FEMALE,
Ola, 26606, FEMALE,
Daijah, 195, FEMALE,
Tisha, 7216, FEMALE,
Abbey, 15243, FEMALE,
Gigi, 1835, FEMALE,
Riley, 86530, FEMALE,
Nancy, 996550, FEMALE,
Bobby, 6398, FEMALE,
Jerrie, 3331, FEMALE,
Jaylyn, 2992, FEMALE,
Bettie, 35726, FEMALE,
Janel, 8800, FEMALE,
Lera, 1087, FEMALE,
Tawana, 4607, FEMALE,
Heaven, 22046, FEMALE,
Nell, 23056, FEMALE,
Tracey, 84849, FEMALE,
Hazel, 239121, FEMALE,
Sebrina, 256, FEMALE,
Aura, 59, FEMALE,
Dawna, 3388, FEMALE,
Rita, 279824, FEMALE,
Maryanne, 9772, FEMALE,
Monica, 246783, FEMALE,
Catalina, 11590, FEMALE,
Shaneka, 456, FEMALE,
Chrystal, 12240, FEMALE,
Ariella, 4362, FEMALE,
Kayden, 6421, FEMALE,
Bethzy, 301, FEMALE,
Lonie, 625, FEMALE,
Glennis, 115, FEMALE,
Alene, 7043, FEMALE,
Meredith, 71850, FEMALE,
Tessie, 6628, FEMALE,
Unique, 2556, FEMALE,
Alisha, 54279, FEMALE,
Jakayla, 4633, FEMALE,
Vada, 6726, FEMALE,
Florrie, 450, FEMALE,
Cori, 8173, FEMALE,
Caylee, 4947, FEMALE,
Maribeth, 3556, FEMALE,
Ayanna, 12354, FEMALE,
Vilma, 1551, FEMALE,
Adella, 2899, FEMALE,
Rosemarie, 46862, FEMALE,
Henry, 2674, FEMALE,
Claudie, 2907, FEMALE,
Mertie, 549, FEMALE,
Kamya, 278, FEMALE,
Teena, 3515, FEMALE,
Idabelle, 9, FEMALE,
Sandra, 872690, FEMALE,
Kadence, 8995, FEMALE,
Francesca, 26228, FEMALE,
Karly, 7875, FEMALE,
Ansley, 7554, FEMALE,
Jayla, 34815, FEMALE,
Billye, 2189, FEMALE,
Tea, 551, FEMALE,
Marolyn, 169, FEMALE,
Alvira, 51, FEMALE,
Marilee, 5176, FEMALE,
Treva, 8092, FEMALE,
Birtie, 176, FEMALE,
Harriett, 19389, FEMALE,
Ozell, 20, FEMALE,
Roseanne, 4451, FEMALE,
Annmarie, 14619, FEMALE,
Maryjo, 4963, FEMALE,
Kyara, 228, FEMALE,
Teagan, 14590, FEMALE,
Kristi, 74879, FEMALE,
Essence, 6223, FEMALE,
Cheryll, 1632, FEMALE,
Katerina, 2251, FEMALE,
Tiny, 354, FEMALE,
Margarete, 616, FEMALE,
Artie, 5124, FEMALE,
Dejah, 1040, FEMALE,
Alianna, 529, FEMALE,
Cheri, 34862, FEMALE,
Khadijah, 2946, FEMALE,
Roselyn, 8227, FEMALE,
Coralie, 64, FEMALE,
Melvina, 3878, FEMALE,
Verlie, 1032, FEMALE,
Alycia, 6451, FEMALE,
Nyah, 1557, FEMALE,
Ladonna, 19694, FEMALE,
Luvenia, 2404, FEMALE,
Aileen, 33387, FEMALE,
Junie, 23, FEMALE,
Roxanne, 54379, FEMALE,
Kanesha, 198, FEMALE,
Alesia, 3478, FEMALE,
Robin, 286243, FEMALE,
Pearlene, 243, FEMALE,
Lempi, 28, FEMALE,
Mannie, 25, FEMALE,
Halley, 333, FEMALE,
Misty, 82445, FEMALE,
Kayla, 330980, FEMALE,
Bama, 28, FEMALE,
Gary, 296, FEMALE,
Candis, 2216, FEMALE,
Lyn, 5676, FEMALE,
Katlin, 3868, FEMALE,
Pauline, 221422, FEMALE,
Francis, 24505, FEMALE,
Kristal, 8880, FEMALE,
Nicki, 2416, FEMALE,
Makena, 3328, FEMALE,
Carlene, 12117, FEMALE,
Alpha, 5600, FEMALE,
Kailyn, 11377, FEMALE,
Trudi, 369, FEMALE,
Makenzie, 36088, FEMALE,
Doreen, 44164, FEMALE,
Sutton, 1099, FEMALE,
Marietta, 12533, FEMALE,
Shirl, 362, FEMALE,
Beula, 246, FEMALE,
Averi, 2630, FEMALE,
Kandace, 2599, FEMALE,
Orlena, 11, FEMALE,
Alexa, 112689, FEMALE,
Catrina, 7745, FEMALE,
Danelle, 4507, FEMALE,
Sheree, 12144, FEMALE,
Dean, 763, FEMALE,
Melony, 221, FEMALE,
Baylee, 16857, FEMALE,
Verona, 2522, FEMALE,
Cheryl, 436873, FEMALE,
Sylvia, 236728, FEMALE,
Lilyanna, 2039, FEMALE,
Areli, 1950, FEMALE,
Linnea, 1514, FEMALE,
Portia, 6124, FEMALE,
Bridget, 87998, FEMALE,
Coraima, 221, FEMALE,
Aya, 830, FEMALE,
Elle, 9498, FEMALE,
Leonie, 234, FEMALE,
Roxane, 3598, FEMALE,
Dana, 190520, FEMALE,
Donie, 236, FEMALE,
Tressie, 3544, FEMALE,
Jaunita, 5626, FEMALE,
Elin, 2157, FEMALE,
Sherron, 972, FEMALE,
Esta, 3004, FEMALE,
Ashely, 4382, FEMALE,
Felice, 21, FEMALE,
Denine, 133, FEMALE,
Kazuko, 63, FEMALE,
Kinsey, 3651, FEMALE,
Yulissa, 612, FEMALE,
Dixie, 39334, FEMALE,
Paityn, 3152, FEMALE,
Somer, 152, FEMALE,
Kiana, 21686, FEMALE,
Evie, 7753, FEMALE,
Gene, 5748, FEMALE,
Adaline, 2219, FEMALE,
Cathryn, 11634, FEMALE,
Jolette, 258, FEMALE,
Judi, 9220, FEMALE,
Julieta, 899, FEMALE,
Lexis, 615, FEMALE,
Dorene, 6723, FEMALE,
Vernon, 297, FEMALE,
Sariyah, 820, FEMALE,
Sybil, 16704, FEMALE,
Lorelai, 3455, FEMALE,
Shelba, 1415, FEMALE,
Gina, 149579, FEMALE,
Merle, 13748, FEMALE,
Felicity, 8780, FEMALE,
Saniya, 4981, FEMALE,
Charissa, 1669, FEMALE,
Casey, 74403, FEMALE,
Kirstie, 2292, FEMALE,
Jacki, 948, FEMALE,
Emersyn, 3302, FEMALE,
Lethia, 11, FEMALE,
Kensley, 2062, FEMALE,
Shae, 227, FEMALE,
Natalya, 3250, FEMALE,
Kathrine, 13526, FEMALE,
Georgianna, 6115, FEMALE,
Monique, 76441, FEMALE,
Beverlee, 537, FEMALE,
Dollie, 16735, FEMALE,
Lorri, 7136, FEMALE,
Rosa, 166527, FEMALE,
Josefina, 9174, FEMALE,
Karen, 983784, FEMALE,
Marlena, 6616, FEMALE,
Kandice, 3456, FEMALE,
Mahala, 240, FEMALE,
Anthony, 3658, FEMALE,
Madaline, 1754, FEMALE,
Lilia, 4934, FEMALE,
Norma, 274838, FEMALE,
Alma, 152843, FEMALE,
Kasandra, 6037, FEMALE,
Annie, 330098, FEMALE,
Merilyn, 797, FEMALE,
Pearlie, 16779, FEMALE,
Ariah, 2231, FEMALE,
Sunny, 2202, FEMALE,
Louisa, 11551, FEMALE,
Lupe, 16511, FEMALE,
Nova, 6540, FEMALE,
Janet, 554403, FEMALE,
Jacquelin, 3629, FEMALE,
Shayla, 28567, FEMALE,
Melinda, 131330, FEMALE,
Alexys, 1491, FEMALE,
Lovina, 123, FEMALE,
Nyla, 12182, FEMALE,
Clarine, 186, FEMALE,
Sandi, 8231, FEMALE,
Jayde, 2933, FEMALE,
Diandra, 191, FEMALE,
Delfina, 851, FEMALE,
Noemi, 17663, FEMALE,
Joseline, 277, FEMALE,
Socorro, 3500, FEMALE,
Enid, 6522, FEMALE,
Destinee, 14574, FEMALE,
Osa, 145, FEMALE,
Tarah, 2511, FEMALE,
Gemma, 6857, FEMALE,
Hazle, 1762, FEMALE,
Jurnee, 286, FEMALE,
Elaine, 256213, FEMALE,
Earlie, 30, FEMALE,
Kenneth, 1094, FEMALE,
Chanel, 14674, FEMALE,
Kattie, 2600, FEMALE,
Hedy, 609, FEMALE,
Latasha, 28844, FEMALE,
Elvina, 1017, FEMALE,
Loula, 46, FEMALE,
Opal, 64549, FEMALE,
Darla, 38090, FEMALE,
Iva, 32334, FEMALE,
Chelsie, 11216, FEMALE,
Dolores, 208379, FEMALE,
Rowan, 7722, FEMALE,
Griselda, 5499, FEMALE,
Juli, 4250, FEMALE,
Cassie, 42809, FEMALE,
Dorthea, 133, FEMALE,
Etha, 663, FEMALE,
Frank, 2501, FEMALE,
Annabella, 10242, FEMALE,
Emmalee, 5847, FEMALE,
Fanny, 5722, FEMALE,
Noreen, 17595, FEMALE,
Shyla, 1867, FEMALE,
Mozell, 2293, FEMALE,
Ursula, 12017, FEMALE,
Lizzie, 30728, FEMALE,
Krista, 71678, FEMALE,
Kaaren, 276, FEMALE,
Margueritte, 178, FEMALE,
Carley, 14275, FEMALE,
Rubi, 4116, FEMALE,
Mathilde, 462, FEMALE,
Zaniyah, 3165, FEMALE,
Abagail, 3263, FEMALE,
Spring, 943, FEMALE,
Josefita, 10, FEMALE,
Meadow, 4797, FEMALE,
Magdalena, 15187, FEMALE,
Tiana, 24709, FEMALE,
Tambra, 127, FEMALE,
Debbi, 1893, FEMALE,
Hulda, 3913, FEMALE,
Pennie, 3766, FEMALE,
Malia, 17124, FEMALE,
Kelsea, 3372, FEMALE,
Shaquita, 352, FEMALE,
Lemma, 9, FEMALE,
Cadence, 17040, FEMALE,
Meagan, 39668, FEMALE,
Babette, 856, FEMALE,
Aurore, 211, FEMALE,
Laylah, 3180, FEMALE,
Altha, 2433, FEMALE,
Enriqueta, 60, FEMALE,
Araceli, 16218, FEMALE,
Tomeka, 2605, FEMALE,
Danyell, 269, FEMALE,
Adilene, 188, FEMALE,
Cathy, 167328, FEMALE,
Harlow, 3534, FEMALE,
Marceline, 1251, FEMALE,
Brandy, 104029, FEMALE,
Farrah, 6197, FEMALE,
Brielle, 23958, FEMALE,
Kyrie, 164, FEMALE,
Omie, 201, FEMALE,
Missouri, 501, FEMALE,
Kalene, 204, FEMALE,
Jo, 177230, FEMALE,
Rylan, 2426, FEMALE,
Addilyn, 2976, FEMALE,
Ava, 216960, FEMALE,
Karin, 26119, FEMALE,
Shena, 521, FEMALE,
Joline, 68, FEMALE,
Stacie, 36986, FEMALE,
Althea, 13408, FEMALE,
Bulah, 2346, FEMALE,
Lucy, 181485, FEMALE,
Shiela, 2048, FEMALE,
Suzan, 7195, FEMALE,
Nikia, 1637, FEMALE,
Abrielle, 1104, FEMALE,
Lora, 48589, FEMALE,
Mckenna, 32883, FEMALE,
Rena, 34291, FEMALE,
Taya, 2665, FEMALE,
Mari, 10998, FEMALE,
Shasta, 2132, FEMALE,
Jaquelin, 762, FEMALE,
Lynda, 74803, FEMALE,
Keanna, 207, FEMALE,
Eris, 329, FEMALE,
Dian, 3918, FEMALE,
Kiara, 45215, FEMALE,
Rosemary, 154400, FEMALE,
Joslyn, 5506, FEMALE,
Mikalah, 321, FEMALE,
Nena, 199, FEMALE,
Delila, 50, FEMALE,
Deedee, 1673, FEMALE,
Ayva, 280, FEMALE,
Abigale, 2994, FEMALE,
Joelle, 9231, FEMALE,
Eudora, 731, FEMALE,
Tiffanie, 7545, FEMALE,
Phyllis, 320497, FEMALE,
Octavia, 10155, FEMALE,
Julianna, 37004, FEMALE,
Marcella, 60151, FEMALE,
Kailynn, 561, FEMALE,
Winifred, 39728, FEMALE,
Kalie, 2219, FEMALE,
Carma, 867, FEMALE,
Pearle, 2016, FEMALE,
Thalia, 9238, FEMALE,
Romaine, 1741, FEMALE,
Kara, 96608, FEMALE,
Lakeshia, 3939, FEMALE,
Lindy, 3814, FEMALE,
Karina, 56146, FEMALE,
Dovie, 7028, FEMALE,
Mae, 99738, FEMALE,
Lotta, 38, FEMALE,
Shawn, 31084, FEMALE,
Verda, 6973, FEMALE,
Glenna, 23703, FEMALE,
Lenore, 20701, FEMALE,
Sherlyn, 5454, FEMALE,
Kyle, 5375, FEMALE,
Rosamond, 2316, FEMALE,
Marybelle, 597, FEMALE,
Vergie, 3742, FEMALE,
Jolie, 7582, FEMALE,
Almeda, 3209, FEMALE,
Pamala, 6307, FEMALE,
Ericka, 20816, FEMALE,
Nichol, 992, FEMALE,
Shakira, 5219, FEMALE,
Cassandra, 165796, FEMALE,
Caitlyn, 50794, FEMALE,
Cressie, 12, FEMALE,
Anniston, 300, FEMALE,
Gregoria, 341, FEMALE,
Idella, 4847, FEMALE,
Lakesha, 7131, FEMALE,
Nyree, 296, FEMALE,
Latesha, 656, FEMALE,
Hollie, 13546, FEMALE,
Augustine, 1816, FEMALE,
Ann, 465725, FEMALE,
Ettie, 643, FEMALE,
Lucinda, 32381, FEMALE,
Oneta, 374, FEMALE,
Cammie, 307, FEMALE,
Dalary, 300, FEMALE,
Kari, 56441, FEMALE,
Mariyah, 3550, FEMALE,
Leanne, 26188, FEMALE,
Salina, 3653, FEMALE,
Beatriz, 13153, FEMALE,
Alaya, 1988, FEMALE,
Saundra, 15973, FEMALE,
Caryn, 10677, FEMALE,
Kizzy, 1841, FEMALE,
Marian, 135305, FEMALE,
Loreen, 788, FEMALE,
Kristen, 216900, FEMALE,
Contina, 333, FEMALE,
Cydney, 1282, FEMALE,
Alisa, 31846, FEMALE,
Cleta, 2852, FEMALE,
Doshia, 67, FEMALE,
Kenya, 23044, FEMALE,
Sonia, 64232, FEMALE,
Tosha, 5551, FEMALE,
Amber, 367378, FEMALE,
Ardith, 4660, FEMALE,
Brylee, 6623, FEMALE,
Amaya, 24538, FEMALE,
Joette, 458, FEMALE,
Anahi, 13048, FEMALE,
Jamiya, 268, FEMALE,
Lavenia, 31, FEMALE,
Giselle, 37766, FEMALE,
Pamella, 1802, FEMALE,
Roxann, 5929, FEMALE,
Kayley, 5936, FEMALE,
Deborrah, 292, FEMALE,
Nolia, 26, FEMALE,
Patsy, 116772, FEMALE,
Malaysia, 2946, FEMALE,
Launa, 17, FEMALE,
Jetta, 9, FEMALE,
Amya, 8422, FEMALE,
Henretta, 200, FEMALE,
Destiny, 141478, FEMALE,
Fawn, 2510, FEMALE,
Anjanette, 1477, FEMALE,
Mariel, 2191, FEMALE,
Laurie, 163086, FEMALE,
Yvette, 61072, FEMALE,
Tameka, 11493, FEMALE,
Shelly, 81754, FEMALE,
Keri, 30124, FEMALE,
Sherry, 227263, FEMALE,
Cherrie, 1274, FEMALE,
Laverne, 41834, FEMALE,
Aiyana, 6509, FEMALE,
Christi, 19255, FEMALE,
Lavon, 4113, FEMALE,
Willodean, 397, FEMALE,
Kaiya, 4920, FEMALE,
Miracle, 12053, FEMALE,
Ilene, 14782, FEMALE,
Danna, 14287, FEMALE,
Arthur, 1072, FEMALE,
Brittaney, 2097, FEMALE,
Giana, 5617, FEMALE,
Veronica, 215371, FEMALE,
Kaylyn, 10068, FEMALE,
Jaelynn, 5446, FEMALE,
Shenna, 179, FEMALE,
Altie, 58, FEMALE,
Christiana, 4573, FEMALE,
Reagan, 41618, FEMALE,
Bridgette, 20202, FEMALE,
Fern, 34185, FEMALE,
London, 28281, FEMALE,
Ebony, 37190, FEMALE,
Heidi, 140434, FEMALE,
Loma, 893, FEMALE,
Isa, 184, FEMALE,
Louie, 850, FEMALE,
Hildur, 315, FEMALE,
Ura, 53, FEMALE,
Thomas, 5038, FEMALE,
Dasia, 2791, FEMALE,
Kimber, 2805, FEMALE,
Loyce, 2353, FEMALE,
Lurline, 908, FEMALE,
Leva, 134, FEMALE,
Nayeli, 15467, FEMALE,
Donnie, 5463, FEMALE,
Ernestina, 2028, FEMALE,
Zena, 973, FEMALE,
Flossie, 19935, FEMALE,
Nicolle, 1512, FEMALE,
Zenobia, 535, FEMALE,
Chantal, 4479, FEMALE,
Georgette, 11048, FEMALE,
Marlana, 313, FEMALE,
Eileen, 185138, FEMALE,
Josefa, 1827, FEMALE,
Dominique, 48278, FEMALE,
Vina, 3020, FEMALE,
Joellen, 3181, FEMALE,
Rayna, 5574, FEMALE,
Hettie, 5423, FEMALE,
Aggie, 130, FEMALE,
Venice, 63, FEMALE,
Corene, 2641, FEMALE,
Treasure, 274, FEMALE,
Edward, 2206, FEMALE,
Kameron, 656, FEMALE,
Kristie, 36770, FEMALE,
Carly, 61432, FEMALE,
Daniella, 24801, FEMALE,
Ariya, 1014, FEMALE,
Bonita, 35697, FEMALE,
Tessa, 43554, FEMALE,
Amari, 11770, FEMALE,
Treena, 126, FEMALE,
Fay, 29780, FEMALE,
Earline, 15492, FEMALE,
Elmira, 2762, FEMALE,
Kimberlie, 799, FEMALE,
Kimberlee, 15257, FEMALE,
Sheridan, 1213, FEMALE,
Drusilla, 188, FEMALE,
Tawanna, 1725, FEMALE,
Amirah, 3221, FEMALE,
Iola, 8325, FEMALE,
Vincenza, 1948, FEMALE,
Lilyan, 1090, FEMALE,
Emerson, 14330, FEMALE,
Pamelia, 193, FEMALE,
Cheyanne, 13030, FEMALE,
Olinda, 24, FEMALE,
Jackie, 87775, FEMALE,
Annis, 1663, FEMALE,
Sherrie, 34005, FEMALE,
Shira, 155, FEMALE,
Robbie, 20243, FEMALE,
Robert, 19066, FEMALE,
Paula, 277147, FEMALE,
Byrd, 51, FEMALE,
Vernice, 5163, FEMALE,
Helene, 30154, FEMALE,
Sharonda, 4409, FEMALE,
Dagmar, 256, FEMALE,
Richelle, 5589, FEMALE,
Harlene, 264, FEMALE,
Anjali, 1176, FEMALE,
Jill, 206156, FEMALE,
Avah, 2672, FEMALE,
Jaye, 421, FEMALE,
Hermina, 658, FEMALE,
Adriana, 83572, FEMALE,
Olar, 9, FEMALE,
Verla, 5243, FEMALE,
Shavonne, 1144, FEMALE,
Maci, 13232, FEMALE,
Athena, 25305, FEMALE,
Mittie, 4637, FEMALE,
Tobi, 286, FEMALE,
Nona, 14363, FEMALE,
Maranda, 9426, FEMALE,
Alys, 19, FEMALE,
Ilda, 19, FEMALE,
Sharyl, 289, FEMALE,
Jackeline, 1306, FEMALE,
Karol, 6630, FEMALE,
Ellen, 266690, FEMALE,
Margarita, 37449, FEMALE,
Tamica, 936, FEMALE,
Aylin, 8768, FEMALE,
Tonia, 19886, FEMALE,
Sierra, 93698, FEMALE,
Marely, 1722, FEMALE,
Shauna, 26134, FEMALE,
Ariyah, 1071, FEMALE,
Leigh, 37761, FEMALE,
Brynn, 18360, FEMALE,
Neola, 16, FEMALE,
Shantell, 2584, FEMALE,
Serina, 347, FEMALE,
Britni, 3116, FEMALE,
Breanne, 8355, FEMALE,
Kandi, 3466, FEMALE,
Susana, 17026, FEMALE,
Briley, 3665, FEMALE,
Leonora, 3873, FEMALE,
Liddie, 342, FEMALE,
Armida, 597, FEMALE,
Jamey, 146, FEMALE,
Erin, 309369, FEMALE,
Cristin, 1746, FEMALE,
Krystle, 12201, FEMALE,
Letta, 44, FEMALE,
Jason, 3976, FEMALE,
Linette, 933, FEMALE,
Concepcion, 1939, FEMALE,
Donna, 828780, FEMALE,
Margarite, 58, FEMALE,
Rosanne, 12264, FEMALE,
Evelena, 20, FEMALE,
Dayami, 392, FEMALE,
Rosena, 29, FEMALE,
Cinnamon, 201, FEMALE,
Phyliss, 54, FEMALE,
Vernie, 2908, FEMALE,
Mayme, 8110, FEMALE,
Emogene, 4249, FEMALE,
Alicia, 222963, FEMALE,
Cathrine, 4783, FEMALE,
Janiyah, 9024, FEMALE,
Haruko, 59, FEMALE,
Rheta, 293, FEMALE,
Jossie, 341, FEMALE,
Indiana, 10, FEMALE,
Shelby, 142363, FEMALE,
Amparo, 584, FEMALE,
Brett, 175, FEMALE,
Mackenzie, 118102, FEMALE,
Lourdes, 11034, FEMALE,
Love, 31, FEMALE,
Christel, 1426, FEMALE,
Emmy, 3195, FEMALE,
Noreta, 52, FEMALE,
Morgan, 207166, FEMALE,
Georgiana, 5788, FEMALE,
Albert, 379, FEMALE,
Rhea, 8181, FEMALE,
Brenna, 26603, FEMALE,
Arely, 6850, FEMALE,
Markita, 313, FEMALE,
Mikala, 1728, FEMALE,
Lasonya, 252, FEMALE,
Elvie, 1483, FEMALE,
Halle, 12280, FEMALE,
Staci, 23922, FEMALE,
Desirae, 10751, FEMALE,
Florine, 10365, FEMALE,
Shameka, 4962, FEMALE,
Briana, 90643, FEMALE,
Delta, 794, FEMALE,
Dwan, 173, FEMALE,
Hortencia, 1345, FEMALE,
Elnora, 19011, FEMALE,
Sky, 3577, FEMALE,
Latonia, 3578, FEMALE,
Christin, 9160, FEMALE,
Eve, 21273, FEMALE,
Danae, 761, FEMALE,
Cherilyn, 291, FEMALE,
Ali, 6559, FEMALE,
Shea, 7678, FEMALE,
Noor, 272, FEMALE,
Mindi, 2331, FEMALE,
Karter, 683, FEMALE,
Karlie, 8541, FEMALE,
Marjory, 6707, FEMALE,
Zahra, 1254, FEMALE,
Tisa, 144, FEMALE,
Rosario, 4430, FEMALE,
Arminta, 34, FEMALE,
Ashlea, 875, FEMALE,
Debbie, 185139, FEMALE,
Braelyn, 5928, FEMALE,
Rubye, 6191, FEMALE,
Carmelita, 2931, FEMALE,
Stella, 151506, FEMALE,
Lainey, 5717, FEMALE,
Cher, 536, FEMALE,
Kamari, 582, FEMALE,
Jeraldine, 2846, FEMALE,
Carissa, 26514, FEMALE,
Deandra, 604, FEMALE,
Arvilla, 2259, FEMALE,
Isamar, 921, FEMALE,
Jaylin, 6252, FEMALE,
Carlotta, 2528, FEMALE,
Christen, 8961, FEMALE,
Suzann, 1637, FEMALE,
Mallorie, 398, FEMALE,
Sophie, 101611, FEMALE,
Zona, 3074, FEMALE,
Eula, 44378, FEMALE,
Katheryn, 10128, FEMALE,
Theresa, 399299, FEMALE,
Denita, 113, FEMALE,
Lyric, 12752, FEMALE,
Lavonda, 245, FEMALE,
Tawny, 864, FEMALE,
Lani, 732, FEMALE,
Brianna, 244319, FEMALE,
Bayleigh, 523, FEMALE,
Kathey, 127, FEMALE,
Ellison, 854, FEMALE,
Analia, 2177, FEMALE,
Philomene, 24, FEMALE,
Marcelina, 54, FEMALE,
Aracely, 4038, FEMALE,
Jimmy, 52, FEMALE,
Leann, 21158, FEMALE,
Christal, 5859, FEMALE,
Matilde, 95, FEMALE,
Stasia, 664, FEMALE,
Jayleen, 6796, FEMALE,
Shalonda, 3004, FEMALE,
Rebeca, 8444, FEMALE,
Liliana, 46628, FEMALE,
Salome, 287, FEMALE,
Ingrid, 24231, FEMALE,
Celena, 900, FEMALE,
Rhona, 89, FEMALE,
Jeri, 20510, FEMALE,
Cory, 3999, FEMALE,
Nadine, 49484, FEMALE,
Cherrelle, 188, FEMALE,
Ceola, 782, FEMALE,
Lutie, 176, FEMALE,
Shanta, 3610, FEMALE,
Lyndsay, 4755, FEMALE,
Coleen, 9925, FEMALE,
Zoey, 63936, FEMALE,
Elois, 1274, FEMALE,
Kandy, 3200, FEMALE,
Janey, 772, FEMALE,
Bambi, 3497, FEMALE,
Euphemia, 14, FEMALE,
Silvia, 15541, FEMALE,
Presley, 16172, FEMALE,
Shavon, 1858, FEMALE,
Kianna, 5138, FEMALE,
Josie, 52108, FEMALE,
Jodie, 24316, FEMALE,
Perla, 17116, FEMALE,
Ila, 17946, FEMALE,
Steven, 596, FEMALE,
Tammie, 34161, FEMALE,
Debora, 26106, FEMALE,
Deann, 8005, FEMALE,
Laurine, 727, FEMALE,
Evon, 787, FEMALE,
Genesis, 54371, FEMALE,
Marlyn, 2864, FEMALE,
Aurelia, 7242, FEMALE,
Ena, 540, FEMALE,
Lucille, 216611, FEMALE,
Finley, 8695, FEMALE,
Ayesha, 295, FEMALE,
Ollie, 36359, FEMALE,
Anner, 131, FEMALE,
Latrina, 784, FEMALE,
Jessica, 1041237, FEMALE,
Raymond, 631, FEMALE,
Kellie, 48815, FEMALE,
Corey, 7032, FEMALE,
Olga, 57727, FEMALE,
Samiyah, 1493, FEMALE,
Sabra, 425, FEMALE,
Marnita, 347, FEMALE,
Lorraine, 205639, FEMALE,
Pearline, 4948, FEMALE,
Mechelle, 2107, FEMALE,
India, 18203, FEMALE,
Venus, 4845, FEMALE,
Alline, 856, FEMALE,
Elinor, 16712, FEMALE,
Carroll, 3890, FEMALE,
Cristine, 450, FEMALE,
Alaia, 427, FEMALE,
Arizona, 342, FEMALE,
Debby, 8317, FEMALE,
Laci, 6291, FEMALE,
Jaelyn, 10915, FEMALE,
Manie, 59, FEMALE,
Margot, 5323, FEMALE,
Kiya, 231, FEMALE,
Infant, 2405, FEMALE,
Dalia, 5612, FEMALE,
Nettie, 42322, FEMALE,
Leesa, 2219, FEMALE,
Brittnay, 192, FEMALE,
Ashley, 837521, FEMALE,
Suzy, 1600, FEMALE,
Diann, 11330, FEMALE,
Brittnie, 820, FEMALE,
Brittany, 356950, FEMALE,
Georgetta, 1080, FEMALE,
Ashlie, 7759, FEMALE,
Kaela, 4230, FEMALE,
Angelique, 26838, FEMALE,
Leisa, 3752, FEMALE,
Keeley, 871, FEMALE,
Meta, 3481, FEMALE,
Jenna, 141124, FEMALE,
Billie, 99069, FEMALE,
Hannah, 413273, FEMALE,
Estrella, 10588, FEMALE,
Marlee, 9107, FEMALE,
Marisol, 31656, FEMALE,
Holly, 197993, FEMALE,
Esperanza, 15001, FEMALE,
Ferne, 3927, FEMALE,
Mariana, 30578, FEMALE,
Virdie, 36, FEMALE,
Micah, 10381, FEMALE,
Rachel, 557283, FEMALE,
Osie, 331, FEMALE,
Miranda, 106988, FEMALE,
Kaylen, 3407, FEMALE,
Florene, 3797, FEMALE,
Shyanne, 7322, FEMALE,
Hilary, 20953, FEMALE,
Tayla, 491, FEMALE,
Ellis, 280, FEMALE,
Lonna, 705, FEMALE,
Aaliyah, 74285, FEMALE,
Byrdie, 11, FEMALE,
Avery, 98891, FEMALE,
Kisha, 5077, FEMALE,
Raelyn, 4324, FEMALE,
Cristi, 981, FEMALE,
Dola, 49, FEMALE,
Zada, 397, FEMALE,
Estella, 31957, FEMALE,
Cristal, 12972, FEMALE,
Maple, 14, FEMALE,
Amelie, 5047, FEMALE,
Chaka, 147, FEMALE,
Geraldine, 205551, FEMALE,
Rivka, 1145, FEMALE,
Cayla, 8152, FEMALE,
Melba, 33315, FEMALE,
Debra, 548254, FEMALE,
Daniela, 54209, FEMALE,
Rosalie, 65109, FEMALE,
Alvena, 294, FEMALE,
Michal, 81, FEMALE,
Arletta, 224, FEMALE,
Vertie, 324, FEMALE,
Carmel, 4249, FEMALE,
Sherita, 2080, FEMALE,
Loria, 250, FEMALE,
Tonja, 5568, FEMALE,
Katrina, 98204, FEMALE,
River, 3371, FEMALE,
Tanika, 2690, FEMALE,
Marissa, 117399, FEMALE,
Teresa, 411711, FEMALE,
Dusty, 2077, FEMALE,
Lizbeth, 21045, FEMALE,
Louann, 3277, FEMALE,
Kamryn, 17535, FEMALE,
Bobbie, 86345, FEMALE,
Lillyana, 554, FEMALE,
Kailey, 23773, FEMALE,
Makaila, 2212, FEMALE,
Keshia, 3459, FEMALE,
Laniyah, 295, FEMALE,
Ryleigh, 18609, FEMALE,
Payten, 1129, FEMALE,
Libby, 12360, FEMALE,
Lori, 338001, FEMALE,
Jeremy, 139, FEMALE,
Tina, 289229, FEMALE,
Consuelo, 14250, FEMALE,
Bina, 24, FEMALE,
Pearly, 14, FEMALE,
Ether, 104, FEMALE,
Sue, 142128, FEMALE,
Dania, 2101, FEMALE,
Jeannette, 66846, FEMALE,
Devon, 16652, FEMALE,
Madison, 356539, FEMALE,
Felicia, 89134, FEMALE,
Brandi, 99639, FEMALE,
Rosalee, 6607, FEMALE,
Irva, 19, FEMALE,
Tena, 5300, FEMALE,
Farah, 346, FEMALE,
Coretta, 676, FEMALE,
Maura, 16222, FEMALE,
Floretta, 68, FEMALE,
Eleanore, 15422, FEMALE,
Ivonne, 428, FEMALE,
Dianne, 92460, FEMALE,
Kindra, 143, FEMALE,
Sharon, 720471, FEMALE,
Herminia, 1205, FEMALE,
Breana, 9386, FEMALE,
Ariel, 62542, FEMALE,
Nyasia, 2973, FEMALE,
Keara, 736, FEMALE,
Lossie, 114, FEMALE,
Serenity, 44788, FEMALE,
Tennie, 1275, FEMALE,
Tamara, 128605, FEMALE,
Leone, 5118, FEMALE,
Scarlette, 1458, FEMALE,
Elenore, 443, FEMALE,
Elia, 12, FEMALE,
Jaime, 47470, FEMALE,
Joshua, 2914, FEMALE,
Jonna, 1530, FEMALE,
Berneice, 2607, FEMALE,
Justin, 2059, FEMALE,
Gabriela, 74956, FEMALE,
Ottie, 500, FEMALE,
Frieda, 22231, FEMALE,
Jerrica, 2838, FEMALE,
Cindi, 5560, FEMALE,
Tamala, 1237, FEMALE,
Carrie, 251767, FEMALE,
Kelis, 277, FEMALE,
Maiya, 213, FEMALE,
Estefani, 756, FEMALE,
Jena, 10319, FEMALE,
Angeline, 30807, FEMALE,
Allison, 285376, FEMALE,
Gaynell, 2311, FEMALE,
Sydni, 3126, FEMALE,
Sunshine, 2086, FEMALE,
Marybeth, 6688, FEMALE,
Sheyla, 524, FEMALE,
Savannah, 151953, FEMALE,
Lettie, 6662, FEMALE,
Frida, 3568, FEMALE,
Louise, 319076, FEMALE,
Paulette, 42448, FEMALE,
Courtney, 255248, FEMALE,
Erma, 52413, FEMALE,
Germaine, 5603, FEMALE,
Zainab, 849, FEMALE,
Aleena, 5863, FEMALE,
Kimberli, 1148, FEMALE,
Hedwig, 2408, FEMALE,
Walter, 1946, FEMALE,
Rosalind, 22958, FEMALE,
Cora, 113103, FEMALE,
Andrew, 1351, FEMALE,
Sanai, 837, FEMALE,
Maebell, 27, FEMALE,
Kali, 20323, FEMALE,
Lillie, 142575, FEMALE,
Lorena, 41621, FEMALE,
Taryn, 23250, FEMALE,
Estela, 2090, FEMALE,
Jennie, 114263, FEMALE,
Elizabeth, 1585942, FEMALE,
Rosaria, 50, FEMALE,
Norah, 13951, FEMALE,
Harriet, 82090, FEMALE,
Jane, 365135, FEMALE,
Karel, 69, FEMALE,
Bernita, 2463, FEMALE,
Hertha, 739, FEMALE,
Angeles, 498, FEMALE,
Queenie, 1407, FEMALE,
Marcela, 605, FEMALE,
Leafy, 24, FEMALE,
Ciera, 9996, FEMALE,
Danyel, 247, FEMALE,
Augustina, 13, FEMALE,
Adelaide, 19835, FEMALE,
Jacqueline, 418539, FEMALE,
Kai, 1696, FEMALE,
Marcy, 19315, FEMALE,
Kimberley, 35594, FEMALE,
Adria, 1457, FEMALE,
January, 842, FEMALE,
Whitney, 94515, FEMALE,
Kaylee, 116601, FEMALE,
Christy, 96066, FEMALE,
Rae, 18117, FEMALE,
Roni, 872, FEMALE,
Jaslyn, 588, FEMALE,
Shante, 4278, FEMALE,
Ashton, 15903, FEMALE,
Docia, 263, FEMALE,
Tiffani, 13405, FEMALE,
Leonore, 791, FEMALE,
Kaila, 11287, FEMALE,
June, 186807, FEMALE,
Ardelle, 191, FEMALE,
Afton, 902, FEMALE,
Adrianna, 41332, FEMALE,
Cary, 2595, FEMALE,
Glynis, 884, FEMALE,
Mafalda, 981, FEMALE,
Wren, 1388, FEMALE,
Justice, 14079, FEMALE,
Cierra, 25633, FEMALE,
Maryellen, 10420, FEMALE,
Ora, 34731, FEMALE,
Jaida, 7605, FEMALE,
Kenisha, 1473, FEMALE,
Myla, 6711, FEMALE,
Blanche, 79116, FEMALE,
Angella, 551, FEMALE,
Avianna, 1545, FEMALE,
Gertrude, 164495, FEMALE,
Goldie, 31707, FEMALE,
Arlie, 766, FEMALE,
Ashlyn, 42644, FEMALE,
Jimmie, 21030, FEMALE,
Amiah, 529, FEMALE,
Karlene, 943, FEMALE,
Adela, 5788, FEMALE,
John, 20194, FEMALE,
Emmalyn, 3542, FEMALE,
Brittni, 5036, FEMALE,
Lurena, 10, FEMALE,
Kinley, 11079, FEMALE,
Johana, 1773, FEMALE,
Madisyn, 13342, FEMALE,
Remy, 608, FEMALE,
Patti, 43328, FEMALE,
Linda, 1450838, FEMALE,
Scarlett, 39508, FEMALE,
Roseann, 13208, FEMALE,
Sunday, 109, FEMALE,
Arly, 246, FEMALE,
Djuana, 190, FEMALE,
Malissa, 5426, FEMALE,
Braylee, 2523, FEMALE,
Hadlee, 922, FEMALE,
Caydence, 844, FEMALE,
Nellie, 131206, FEMALE,
Azariah, 1398, FEMALE,
Summer, 72683, FEMALE,
Delphine, 8458, FEMALE,
Lona, 8187, FEMALE,
Jessi, 3458, FEMALE,
Daja, 436, FEMALE,
Delisa, 909, FEMALE,
Nelle, 3841, FEMALE,
Oleta, 4632, FEMALE,
Corina, 11116, FEMALE,
Jalissa, 172, FEMALE,
Versa, 11, FEMALE,
Effie, 35337, FEMALE,
Alease, 163, FEMALE,
Kaya, 6214, FEMALE,
Zaylee, 270, FEMALE,
Kaycee, 2699, FEMALE,
Vira, 147, FEMALE,
Carey, 10098, FEMALE,
Tiara, 21259, FEMALE,
Latricia, 2939, FEMALE,
Rochelle, 44168, FEMALE,
Starla, 4319, FEMALE,
Evalena, 47, FEMALE,
Fred, 326, FEMALE,
Geri, 5991, FEMALE,
Karissa, 18094, FEMALE,
Kylene, 354, FEMALE,
Lilah, 8818, FEMALE,
Kathaleen, 1478, FEMALE,
Alysa, 4136, FEMALE,
Ciara, 32267, FEMALE,
Mickie, 1146, FEMALE,
Deloris, 33291, FEMALE,
Bula, 97, FEMALE,
Micayla, 208, FEMALE,
Charles, 10019, FEMALE,
Delia, 31456, FEMALE,
Agnes, 146641, FEMALE,
Janette, 29732, FEMALE,
Bernardine, 1995, FEMALE,
Bryana, 2996, FEMALE,
Claudine, 9241, FEMALE,
Shandra, 127, FEMALE,
Aurora, 43564, FEMALE,
Lennon, 1278, FEMALE,
Alivia, 22698, FEMALE,
Breanna, 80139, FEMALE,
Janell, 12588, FEMALE,
Emmie, 2190, FEMALE,
Angelia, 18413, FEMALE,
Shirleen, 82, FEMALE,
Doloris, 867, FEMALE,
Alison, 108822, FEMALE,
Monserrat, 4538, FEMALE,
Ouida, 3678, FEMALE,
Ember, 3714, FEMALE,
Kathleen, 710558, FEMALE,
Maurice, 759, FEMALE,
Vara, 14, FEMALE,
Kenzie, 13239, FEMALE,
Marti, 760, FEMALE,
Alexandr, 301, FEMALE,
Leigha, 265, FEMALE,
Aubrey, 92716, FEMALE,
Etter, 10, FEMALE,
Alta, 25033, FEMALE,
Jamya, 3590, FEMALE,
Frona, 168, FEMALE,
Velvet, 853, FEMALE,
Twila, 9806, FEMALE,
Aliana, 3271, FEMALE,
Alena, 8417, FEMALE,
Sofia, 106471, FEMALE,
Maud, 8173, FEMALE,
Kira, 31835, FEMALE,
Antonia, 29871, FEMALE,
Yareli, 5929, FEMALE,
Alecia, 8836, FEMALE,
Ara, 647, FEMALE,
Suzette, 13025, FEMALE,
Addilynn, 673, FEMALE,
Stacia, 5277, FEMALE,
Ashtyn, 1786, FEMALE,
Jonnie, 3208, FEMALE,
Murl, 12, FEMALE,
Taniyah, 2151, FEMALE,
Naoma, 1460, FEMALE,
Sula, 332, FEMALE,
Lara, 24962, FEMALE,
Janiah, 2118, FEMALE,
Dyan, 128, FEMALE,
Miah, 5703, FEMALE,
Leta, 9773, FEMALE,
Dina, 25789, FEMALE,
Talia, 23227, FEMALE,
Krysten, 1505, FEMALE,
Gwenda, 303, FEMALE,
Roxie, 14670, FEMALE,
Jasmin, 42714, FEMALE,
Tanja, 520, FEMALE,
Magen, 1384, FEMALE,
Glenn, 119, FEMALE,
Miesha, 187, FEMALE,
Glynda, 1184, FEMALE,
Ailene, 56, FEMALE,
Madyson, 11418, FEMALE,
Sophia, 302986, FEMALE,
Leia, 4469, FEMALE,
Briella, 4514, FEMALE,
Mabell, 103, FEMALE,
Trudy, 23248, FEMALE,
Lawanda, 10610, FEMALE,
Forest, 25, FEMALE,
Tiarra, 758, FEMALE,
Theda, 5016, FEMALE,
Verdie, 1467, FEMALE,
Zella, 9344, FEMALE,
Fannie, 74376, FEMALE,
Janie, 69952, FEMALE,
Johannah, 10, FEMALE,
Harriette, 7488, FEMALE,
Chasity, 22312, FEMALE,
Milani, 702, FEMALE,
Flora, 59169, FEMALE,
Kathyrn, 393, FEMALE,
Cherise, 936, FEMALE,
Macel, 18, FEMALE,
Aniya, 14448, FEMALE,
Zelma, 15292, FEMALE,
Yaretzi, 7305, FEMALE,
Cataleya, 2738, FEMALE,
Kaydence, 13230, FEMALE,
Royal, 371, FEMALE,
Vickey, 4838, FEMALE,
Eunice, 74216, FEMALE,
Martine, 203, FEMALE,
Ashlee, 41647, FEMALE,
Ana, 97066, FEMALE,
Lorene, 37281, FEMALE,
Yuliana, 2772, FEMALE,
Odessa, 13909, FEMALE,
Nylah, 4826, FEMALE,
Bettye, 21994, FEMALE,
Marilla, 13, FEMALE,
Rosina, 2792, FEMALE,
Katalina, 986, FEMALE,
Terri, 143868, FEMALE,
Alda, 3522, FEMALE,
Myrta, 66, FEMALE,
Mirna, 123, FEMALE,
Madisen, 2704, FEMALE,
Monika, 7393, FEMALE,
Moriah, 9946, FEMALE,
Alejandra, 46987, FEMALE,
Eugene, 705, FEMALE,
Jammie, 1281, FEMALE,
Alyssa, 299208, FEMALE,
Lacie, 6901, FEMALE,
Caprice, 116, FEMALE,
Texie, 26, FEMALE,
Delma, 6801, FEMALE,
Vida, 6178, FEMALE,
Cleo, 26624, FEMALE,
Nelia, 46, FEMALE,
Latoyia, 167, FEMALE,
Mammie, 1206, FEMALE,
Wava, 232, FEMALE,
Kaia, 7266, FEMALE,
Elora, 280, FEMALE,
Jonell, 52, FEMALE,
Lilie, 88, FEMALE,
Raquel, 47430, FEMALE,
Nealie, 61, FEMALE,
Krystina, 2644, FEMALE,
Alverta, 1509, FEMALE,
Kacey, 7079, FEMALE,
Nahla, 841, FEMALE,
Iesha, 5681, FEMALE,
Shonda, 6094, FEMALE,
Jennifer, 1463714, FEMALE,
Sydnie, 2736, FEMALE,
Christie, 43656, FEMALE,
Selah, 5053, FEMALE,
Jeanie, 14864, FEMALE,
Vennie, 161, FEMALE,
Carry, 67, FEMALE,
Vernita, 453, FEMALE,
Juanita, 204500, FEMALE,
Elvia, 446, FEMALE,
Luella, 25884, FEMALE,
Estefania, 3443, FEMALE,
Hester, 11951, FEMALE,
Lala, 148, FEMALE,
Alannah, 2839, FEMALE,
Georgia, 144638, FEMALE,
Santina, 537, FEMALE,
Patrice, 32028, FEMALE,
Maren, 1609, FEMALE,
Marisela, 6784, FEMALE,
Gerda, 127, FEMALE,
Renata, 3285, FEMALE,
Scarlet, 6628, FEMALE,
Luetta, 458, FEMALE,
Sylva, 10, FEMALE,
Tressa, 2082, FEMALE,
Carlie, 11430, FEMALE,
Tierra, 12825, FEMALE,
Clydie, 15, FEMALE,
Emelia, 4011, FEMALE,
Evangeline, 19790, FEMALE,
Sheron, 1271, FEMALE,
Elizebeth, 1957, FEMALE,
Kiarra, 556, FEMALE,
Linnie, 5962, FEMALE,
Jesenia, 382, FEMALE,
Lollie, 129, FEMALE,
April, 236257, FEMALE,
Juliet, 24216, FEMALE,
Lou, 31322, FEMALE,
Missy, 3608, FEMALE,
Mildred, 444663, FEMALE,
Pollie, 282, FEMALE,
Lucero, 3248, FEMALE,
Joseph, 7829, FEMALE,
Leitha, 15, FEMALE,
Vivienne, 8246, FEMALE,
Lenora, 30508, FEMALE,
Kendyl, 523, FEMALE,
Penny, 93778, FEMALE,
Laken, 1287, FEMALE,
Geralyn, 3648, FEMALE,
Anabella, 3559, FEMALE,
Gianna, 55714, FEMALE,
Addison, 103513, FEMALE,
Tara, 173007, FEMALE,
Sherrill, 5803, FEMALE,
Neveah, 1981, FEMALE,
Oral, 23, FEMALE,
Marilynn, 10399, FEMALE,
Roma, 5027, FEMALE,
Gwen, 25838, FEMALE,
Kecia, 1817, FEMALE,
Willie, 141538, FEMALE,
Jaqueline, 11722, FEMALE,
Judy, 378993, FEMALE,
Odalys, 1716, FEMALE,
Gerry, 5446, FEMALE,
Britney, 33254, FEMALE,
Fredericka, 13, FEMALE,
Gerald, 203, FEMALE,
Zola, 4738, FEMALE,
Bess, 4156, FEMALE,
Angelica, 86122, FEMALE,
Maybelle, 4719, FEMALE,
Karsyn, 2951, FEMALE,
Kati, 2587, FEMALE,
Ela, 27, FEMALE,
Antionette, 5203, FEMALE,
Alaina, 34300, FEMALE,
Arnetta, 19, FEMALE,
Marianna, 11182, FEMALE,
Lindsey, 153489, FEMALE,
Columbia, 10, FEMALE,
Louetta, 74, FEMALE,
Reese, 26800, FEMALE,
Nina, 121704, FEMALE,
Aleen, 106, FEMALE,
Leisha, 519, FEMALE,
Nicholas, 468, FEMALE,
Addyson, 12713, FEMALE,
Sonya, 61539, FEMALE,
Erlinda, 2188, FEMALE,
Juniper, 2384, FEMALE,
Retta, 737, FEMALE,
Alana, 52062, FEMALE,
Charolette, 695, FEMALE,
Ivory, 2131, FEMALE,
Arabella, 10584, FEMALE,
Clifford, 412, FEMALE,
Piper, 31591, FEMALE,
Shanda, 6105, FEMALE,
Giavanna, 540, FEMALE,
Johnnie, 46452, FEMALE,
Eric, 2149, FEMALE,
Hildegard, 735, FEMALE,
Leanna, 21735, FEMALE,
Larue, 2997, FEMALE,
Jailyn, 1752, FEMALE,
Theodosia, 71, FEMALE,
Alla, 13, FEMALE,
Bonnie, 320678, FEMALE,
Amiya, 5707, FEMALE,
Mozella, 115, FEMALE,
Alvina, 7157, FEMALE,
Fabiola, 5040, FEMALE,
Maria, 535793, FEMALE,
Wanda, 279288, FEMALE,
Nia, 18258, FEMALE,
Netta, 10, FEMALE,
Bernetta, 329, FEMALE,
Kensington, 277, FEMALE,
Zion, 4102, FEMALE,
Joanna, 99881, FEMALE,
Colette, 16398, FEMALE,
Sienna, 20467, FEMALE,
Monna, 53, FEMALE,
Merna, 802, FEMALE,
Tamatha, 2097, FEMALE,
Amberly, 685, FEMALE,
Elisa, 40622, FEMALE,
Sawyer, 4141, FEMALE,
Veta, 187, FEMALE,
Electa, 188, FEMALE,
Marry, 65, FEMALE,
Emely, 15958, FEMALE,
Delora, 261, FEMALE,
Jazzlyn, 265, FEMALE,
Kaylan, 657, FEMALE,
Maureen, 142105, FEMALE,
Alida, 800, FEMALE,
Alanna, 18682, FEMALE,
Arianna, 79973, FEMALE,
Samatha, 1251, FEMALE,
Antoinette, 75891, FEMALE,
Josiephine, 60, FEMALE,
Karrie, 7848, FEMALE,
Elenor, 682, FEMALE,
Howard, 57, FEMALE,
Merrilee, 149, FEMALE,
Alexia, 39735, FEMALE,
Dosha, 13, FEMALE,
Marcia, 131004, FEMALE,
Ardelia, 112, FEMALE,
Khalilah, 514, FEMALE,
Toni, 97186, FEMALE,
Tasia, 999, FEMALE,
Melodie, 6003, FEMALE,
Letty, 244, FEMALE,
Jaylah, 5949, FEMALE,
Ottilia, 142, FEMALE,
Felicitas, 67, FEMALE,
Bertha, 186392, FEMALE,
Elzie, 9, FEMALE,
Kacie, 9228, FEMALE,
Bentley, 287, FEMALE,
Creola, 235, FEMALE,
Deja, 14024, FEMALE,
Harmoni, 282, FEMALE,
Loriann, 2065, FEMALE,
Kathi, 9180, FEMALE,
Shirlie, 118, FEMALE,
Emilee, 20542, FEMALE,
Jean, 454722, FEMALE,
Dannie, 12, FEMALE,
Carolina, 40350, FEMALE,
Teressa, 3978, FEMALE,
Ashanti, 8344, FEMALE,
Karren, 416, FEMALE,
Lailah, 3138, FEMALE,
Ayla, 15481, FEMALE,
Monroe, 1373, FEMALE,
Doris, 458860, FEMALE,
Itzel, 14236, FEMALE,
Dianna, 53255, FEMALE,
Kathryne, 1846, FEMALE,
Anne, 317897, FEMALE,
Lavonne, 15089, FEMALE,
Judie, 3776, FEMALE,
Jaeda, 346, FEMALE,
Ivanna, 2643, FEMALE,
Journee, 3280, FEMALE,
Sonja, 35633, FEMALE,
Rhianna, 1686, FEMALE,
Toya, 1691, FEMALE,
Tatia, 211, FEMALE,
Hillary, 25484, FEMALE,
Wynter, 931, FEMALE,
Shreya, 1118, FEMALE,
Gisselle, 7635, FEMALE,
Illa, 58, FEMALE,
Loretto, 224, FEMALE,
Cornelia, 18332, FEMALE,
Shelbie, 2861, FEMALE,
Elfrieda, 559, FEMALE,
Kathern, 412, FEMALE,
Kiera, 17811, FEMALE,
Allyson, 48657, FEMALE,
Earl, 527, FEMALE,
Frankie, 27737, FEMALE,
Latanya, 8251, FEMALE,
Classie, 126, FEMALE,
Anais, 1733, FEMALE,
Kaylynn, 9003, FEMALE,
Erlene, 854, FEMALE,
Joleen, 2124, FEMALE,
Marcie, 12991, FEMALE,
Helen, 1005190, FEMALE,
Dafne, 224, FEMALE,
Gladys, 262217, FEMALE,
Lida, 3297, FEMALE,
Prudie, 25, FEMALE,
Tillie, 11486, FEMALE,
Tracy, 248188, FEMALE,
Antonette, 3038, FEMALE,
Jaclyn, 44917, FEMALE,
Consuela, 277, FEMALE,
Gillie, 44, FEMALE,
Naomi, 148475, FEMALE,
Hana, 7535, FEMALE,
Charity, 30987, FEMALE,
Elliott, 1034, FEMALE,
Barb, 3258, FEMALE,
Valencia, 7185, FEMALE,
Leo, 578, FEMALE,
Tennessee, 9, FEMALE,
Sheila, 235897, FEMALE,
Destany, 1062, FEMALE,
Gussie, 11261, FEMALE,
Zariah, 6152, FEMALE,
Eboni, 4761, FEMALE,
Alvera, 1657, FEMALE,
Leilani, 22714, FEMALE,
Karla, 86886, FEMALE,
Amanda, 779589, FEMALE,
Lina, 8545, FEMALE,
Edmonia, 75, FEMALE,
Aislinn, 280, FEMALE,
Jacey, 4465, FEMALE,
Aletha, 3333, FEMALE,
Raven, 36838, FEMALE,
Vanessa, 248810, FEMALE,
Carter, 1233, FEMALE,
Shirlene, 3657, FEMALE,
Rianna, 486, FEMALE,
Philomena, 6964, FEMALE,
Jerri, 13752, FEMALE,
Kierra, 13659, FEMALE,
Harry, 186, FEMALE,
Susanna, 14781, FEMALE,
Ruthie, 17598, FEMALE,
Sharde, 190, FEMALE,
Carin, 1599, FEMALE,
Takisha, 861, FEMALE,
Lena, 126167, FEMALE,
Hanna, 33841, FEMALE,
Nanci, 4100, FEMALE,
Frances, 578691, FEMALE,
Emma, 589101, FEMALE,
Valentina, 22834, FEMALE,
Lita, 923, FEMALE,
Salma, 6596, FEMALE,
Belen, 4265, FEMALE,
Mazie, 5203, FEMALE,
Jennette, 69, FEMALE,
Vienna, 294, FEMALE,
Gena, 9413, FEMALE,
Fran, 3869, FEMALE,
Juliana, 51772, FEMALE,
Alyssia, 615, FEMALE,
Lennox, 377, FEMALE,
Bethann, 226, FEMALE,
Harold, 1170, FEMALE,
Hasel, 25, FEMALE,
Kayleen, 554, FEMALE,
Starr, 3369, FEMALE,
Lesly, 11431, FEMALE,
Bailee, 11687, FEMALE,
Vikki, 5464, FEMALE,
Jeanetta, 1203, FEMALE,
Madge, 11933, FEMALE,
Lorrayne, 57, FEMALE,
Hetty, 25, FEMALE,
Ayleen, 2352, FEMALE,
Suzanna, 4014, FEMALE,
Jayden, 19712, FEMALE,
Celia, 51908, FEMALE,
Ximena, 17682, FEMALE,
Matilda, 24495, FEMALE,
Carole, 108565, FEMALE,
Dortha, 6024, FEMALE,
Willow, 18305, FEMALE,
Leslie, 264827, FEMALE,
Cynthia, 707143, FEMALE,
Azul, 1586, FEMALE,
Tresa, 2595, FEMALE,
Tamekia, 604, FEMALE,
Kenia, 5215, FEMALE,
Malaya, 2879, FEMALE,
Alyvia, 2444, FEMALE,
Daisy, 130544, FEMALE,
Kate, 74060, FEMALE,
Armani, 5754, FEMALE,
Siena, 4825, FEMALE,
Anona, 44, FEMALE,
Oakley, 1108, FEMALE,
Kyndall, 1568, FEMALE,
Gretta, 50, FEMALE,
Louella, 10892, FEMALE,
Nikki, 37541, FEMALE,
Clarabelle, 667, FEMALE,
Lorelei, 7716, FEMALE,
Kris, 11917, FEMALE,
Kaci, 6280, FEMALE,
Dewey, 141, FEMALE,
Falon, 510, FEMALE,
Charlene, 129868, FEMALE,
Niki, 3013, FEMALE,
Nakita, 489, FEMALE,
Norita, 244, FEMALE,
Keesha, 721, FEMALE,
Maira, 2795, FEMALE,
Chaya, 9050, FEMALE,
Jaidyn, 4298, FEMALE,
Eugenia, 26807, FEMALE,
Nan, 9069, FEMALE,
Ray, 3447, FEMALE,
Mossie, 313, FEMALE,
Henriette, 331, FEMALE,
Avis, 15476, FEMALE,
Villa, 38, FEMALE,
Virgie, 19730, FEMALE,
Hortense, 5305, FEMALE,
Dorla, 596, FEMALE,
Nira, 201, FEMALE,
Janna, 11861, FEMALE,
Gracelynn, 3253, FEMALE,
Gloria, 410095, FEMALE,
Clarissa, 36787, FEMALE,
Tammi, 12923, FEMALE,
Shay, 412, FEMALE,
Porsha, 2216, FEMALE,
Bryn, 1810, FEMALE,
Ina, 29772, FEMALE,
Myranda, 2140, FEMALE,
Kay, 95648, FEMALE,
Holli, 5824, FEMALE,
Rylie, 14591, FEMALE,
Estell, 3389, FEMALE,
Lillia, 39, FEMALE,
Girtha, 13, FEMALE,
Oda, 479, FEMALE,
Marty, 1898, FEMALE,
Jeana, 4972, FEMALE,
Manuela, 5873, FEMALE,
Fallon, 4618, FEMALE,
Porsche, 354, FEMALE,
Kylie, 100781, FEMALE,
Berenice, 5125, FEMALE,
Ruby, 338036, FEMALE,
Lassie, 136, FEMALE,
Maia, 9226, FEMALE,
Fairy, 1362, FEMALE,
Ruthann, 3769, FEMALE,
Tenley, 3386, FEMALE,
Sarah, 1050550, FEMALE,
Jasmyn, 3529, FEMALE,
Lella, 69, FEMALE,
Jessye, 9, FEMALE,
Prudence, 2453, FEMALE,
Daisha, 1833, FEMALE,
Soledad, 54, FEMALE,
Lannie, 65, FEMALE,
Oralia, 3038, FEMALE,
Logan, 21589, FEMALE,
Margy, 131, FEMALE,
Shanelle, 382, FEMALE,
Georgene, 3220, FEMALE,
Clella, 43, FEMALE,
Aliza, 5020, FEMALE,
Kaelyn, 12354, FEMALE,
Dulce, 14910, FEMALE,
Val, 110, FEMALE,
Estelle, 47274, FEMALE,
Rosabelle, 18, FEMALE,
Ilah, 66, FEMALE,
Marlo, 3746, FEMALE,
Jerilyn, 2882, FEMALE,
Attie, 32, FEMALE,
Zariyah, 2044, FEMALE,
Adyson, 2306, FEMALE,
Polly, 26534, FEMALE,
Lyndsey, 12541, FEMALE,
Haven, 9677, FEMALE,
Clementina, 17, FEMALE,
Hessie, 276, FEMALE,
Damaris, 7629, FEMALE,
Shanae, 1788, FEMALE,
Joey, 2222, FEMALE,
Beyonce, 353, FEMALE,
Keila, 217, FEMALE,
Deb, 989, FEMALE,
Mickey, 4606, FEMALE,
Katarina, 5322, FEMALE,
Cruz, 958, FEMALE,
Paige, 133451, FEMALE,
Quiana, 1883, FEMALE,
Dotty, 51, FEMALE,
Matthew, 3311, FEMALE,
Leatrice, 3612, FEMALE,
Bell, 1167, FEMALE,
Mai, 2176, FEMALE,
Nonie, 206, FEMALE,
Kamila, 6773, FEMALE,
Lillianna, 3014, FEMALE,
Wendy, 259976, FEMALE,
Calleigh, 335, FEMALE,
Violet, 123657, FEMALE,
Nola, 19019, FEMALE,
Dee, 13653, FEMALE,
Kaliyah, 6620, FEMALE,
Tasha, 33499, FEMALE,
Joana, 3086, FEMALE,
Vlasta, 286, FEMALE,
Helena, 32703, FEMALE,
Aliya, 6301, FEMALE,
Danika, 5825, FEMALE,
Jacklyn, 12688, FEMALE,
Coral, 963, FEMALE,
Thyra, 76, FEMALE,
Ernestine, 42239, FEMALE,
Isabella, 288039, FEMALE,
Kaylene, 197, FEMALE,
Dona, 17196, FEMALE,
Magdalene, 4887, FEMALE,
Kaleena, 611, FEMALE,
Madelene, 233, FEMALE,
Perri, 119, FEMALE,
Janae, 14988, FEMALE,
Chelsy, 413, FEMALE,
Maudie, 10361, FEMALE,
Sherilyn, 778, FEMALE,
Lesa, 9892, FEMALE,
Elyssa, 3268, FEMALE,
Carlyn, 68, FEMALE,
Alyce, 13917, FEMALE,
Jazmyn, 6696, FEMALE,
Lakisha, 11106, FEMALE,
Mary, 4026390, FEMALE,
Daria, 2613, FEMALE,
Tegan, 1533, FEMALE,
Joanne, 209009, FEMALE,
Jensen, 204, FEMALE,
Luna, 15459, FEMALE,
Arie, 335, FEMALE,
Jovita, 170, FEMALE,
Berta, 4599, FEMALE,
Janeen, 4371, FEMALE,
Loretta, 170402, FEMALE,
Vivian, 198202, FEMALE,
Beverley, 11873, FEMALE,
Kailani, 847, FEMALE,
Elva, 27345, FEMALE,
Ardella, 2485, FEMALE,
Ivana, 1597, FEMALE,
Noretta, 65, FEMALE,
Kenyatta, 1333, FEMALE,
Shianne, 979, FEMALE,
Raegan, 13353, FEMALE,
Angelina, 113921, FEMALE,
Betsy, 44835, FEMALE,
Tristen, 970, FEMALE,
Lesia, 2216, FEMALE,
Grayce, 1973, FEMALE,
Annalise, 8113, FEMALE,
Ellie, 45231, FEMALE,
Queen, 11094, FEMALE,
Xena, 554, FEMALE,
Teri, 42084, FEMALE,
Leighton, 3737, FEMALE,
Regina, 175595, FEMALE,
Jeannine, 22733, FEMALE,
Alexis, 331631, FEMALE,
Adriane, 3282, FEMALE,
Dellie, 91, FEMALE,
Shari, 39445, FEMALE,
Racheal, 7282, FEMALE,
Collette, 2916, FEMALE,
Hadley, 19555, FEMALE,
Chimere, 314, FEMALE,
Nicola, 972, FEMALE,
Nakisha, 1251, FEMALE,
Rikki, 4019, FEMALE,
Dayanara, 4301, FEMALE,
Lavelle, 55, FEMALE,
Wilma, 137465, FEMALE,
Isobel, 273, FEMALE,
Annamae, 2255, FEMALE,
Sade, 7124, FEMALE,
Azalea, 1836, FEMALE,
Hailey, 148584, FEMALE,
Audra, 20546, FEMALE,
Ginger, 41962, FEMALE,
Alyse, 2024, FEMALE,
Rosita, 3054, FEMALE,
Troy, 119, FEMALE,
Malinda, 17606, FEMALE,
Crystal, 328821, FEMALE,
Mikaila, 238, FEMALE,
Meryl, 1484, FEMALE,
Jaiden, 6877, FEMALE,
Jaliyah, 6863, FEMALE,
Edra, 44, FEMALE,
Saniyah, 4987, FEMALE,
Vinnie, 1189, FEMALE,
Camisha, 165, FEMALE,
Beryl, 8904, FEMALE,
Priscilla, 117177, FEMALE,
Brinley, 4037, FEMALE,
Esme, 1830, FEMALE,
Anabel, 3530, FEMALE,
Katlynn, 1869, FEMALE,
Adeline, 43318, FEMALE,
Aranza, 764, FEMALE,
Noma, 444, FEMALE,
Ofelia, 3919, FEMALE,
Magdalen, 1291, FEMALE,
Elmer, 406, FEMALE,
Viva, 2117, FEMALE,
Luberta, 73, FEMALE,
Albina, 3795, FEMALE,
Blanca, 22335, FEMALE,
Winona, 8364, FEMALE,
Carolee, 2208, FEMALE,
Zhane, 594, FEMALE,
Kynlee, 2339, FEMALE,
Wanita, 124, FEMALE,
Lacy, 15251, FEMALE,
Kassie, 3145, FEMALE,
Brittanie, 3633, FEMALE,
Georgina, 11559, FEMALE,
Madeline, 177821, FEMALE,
Leora, 7392, FEMALE,
Joyce, 506434, FEMALE,
Annabel, 9201, FEMALE,
Elvira, 22766, FEMALE,
Lisha, 778, FEMALE,
Susanne, 24307, FEMALE,
Erika, 121750, FEMALE,
Ozella, 1104, FEMALE,
Rosetta, 24995, FEMALE,
Melody, 89688, FEMALE,
Harmony, 19346, FEMALE,
Ivette, 5875, FEMALE,
Malorie, 398, FEMALE,
Blake, 4089, FEMALE,
Britany, 3726, FEMALE,
Orma, 20, FEMALE,
Aryana, 4425, FEMALE,
Tania, 25626, FEMALE,
Chantel, 13256, FEMALE,
Phoenix, 5698, FEMALE,
Chelsi, 2065, FEMALE,
Regenia, 506, FEMALE,
Oneida, 122, FEMALE,
Easter, 3792, FEMALE,
Anna, 840829, FEMALE,
Julianne, 28573, FEMALE,
Avalynn, 590, FEMALE,
Susie, 77112, FEMALE,
Marylyn, 1687, FEMALE,
Nataly, 11706, FEMALE,
Coraline, 1690, FEMALE,
Christian, 16728, FEMALE,
Audrina, 6423, FEMALE,
Ethelyn, 3502, FEMALE,
Meda, 579, FEMALE,
Lavinia, 1928, FEMALE,
Erykah, 555, FEMALE,
Lanita, 114, FEMALE,
Joan, 477235, FEMALE,
Lashunda, 295, FEMALE,
Lanie, 11, FEMALE,
Lennie, 2781, FEMALE,
Marin, 1436, FEMALE,
Tangela, 1654, FEMALE,
Rettie, 12, FEMALE,
Huldah, 264, FEMALE,
Alex, 5115, FEMALE,
Kathlyn, 1791, FEMALE,
Buena, 114, FEMALE,
Cherish, 5550, FEMALE,
Merri, 1464, FEMALE,
Lucia, 38274, FEMALE,
Tiesha, 208, FEMALE,
Kora, 1482, FEMALE,
Corie, 142, FEMALE,
Kelsie, 16584, FEMALE,
Brittney, 79611, FEMALE,
Evalyn, 4701, FEMALE,
Carolyne, 790, FEMALE,
Angel, 91639, FEMALE,
Azalee, 19, FEMALE,
Eartha, 707, FEMALE,
Daleyza, 3340, FEMALE,
Leandra, 2404, FEMALE,
Jaycie, 200, FEMALE,
Elana, 255, FEMALE,
Shanell, 1093, FEMALE,
Kathy, 331748, FEMALE,
Molly, 159158, FEMALE,
Chris, 21198, FEMALE,
Baby, 3835, FEMALE,
Elinore, 1238, FEMALE,
Janice, 403599, FEMALE,
Lana, 47889, FEMALE,
Zara, 5297, FEMALE,
Tamya, 511, FEMALE,
Rocio, 10399, FEMALE,
Brigette, 1903, FEMALE,
Dori, 2910, FEMALE,
Madilynn, 4794, FEMALE,
Chloe, 186876, FEMALE,
Anissa, 8818, FEMALE,
Maeve, 8438, FEMALE,
Kaylie, 18729, FEMALE,
Brinda, 186, FEMALE,
Emory, 1468, FEMALE,
Shaniqua, 3185, FEMALE,
Manila, 138, FEMALE,
Annabell, 3477, FEMALE,
Imelda, 2114, FEMALE,
Zilpha, 26, FEMALE,
Exa, 32, FEMALE,
Haylie, 7911, FEMALE,
Cathi, 899, FEMALE,
Amelia, 153788, FEMALE,
Debrah, 3088, FEMALE,
Stormy, 1551, FEMALE,
Bryanna, 17432, FEMALE,
Ralph, 59, FEMALE,
Echo, 363, FEMALE,
Tianna, 10033, FEMALE,
Johnny, 177, FEMALE,
Tia, 31168, FEMALE,
Hayden, 21243, FEMALE,
Lester, 41, FEMALE,
Darlene, 201145, FEMALE,
Darcie, 2218, FEMALE,
Myrtle, 125653, FEMALE,
Judith, 451362, FEMALE,
Cherelle, 367, FEMALE,
Brandon, 1828, FEMALE,
Irene, 346730, FEMALE,
Shaunna, 339, FEMALE,
Tricia, 38275, FEMALE,
Paulina, 13876, FEMALE,
Kinslee, 665, FEMALE,
Landry, 569, FEMALE,
Mia, 187705, FEMALE,
Jaylee, 4861, FEMALE,
Norman, 55, FEMALE,
Jasmine, 238181, FEMALE,
Anastacia, 12, FEMALE,
Nora, 126528, FEMALE,
Regena, 85, FEMALE,
Susannah, 1500, FEMALE,
Mindy, 39264, FEMALE,
Jordynn, 2074, FEMALE,
Latarsha, 932, FEMALE,
Eliza, 43718, FEMALE,
Reece, 268, FEMALE,
Kelcie, 623, FEMALE,
Glinda, 1286, FEMALE,
Bettyjane, 219, FEMALE,
Lelia, 11904, FEMALE,
Saylor, 1110, FEMALE,
Arietta, 19, FEMALE,
Shaun, 602, FEMALE,
Trista, 9818, FEMALE,
Lu, 2217, FEMALE,
Tracee, 857, FEMALE,
Gabriel, 3311, FEMALE,
Lilliana, 11860, FEMALE,
Fronie, 207, FEMALE,
Clair, 15, FEMALE,
Leola, 25851, FEMALE,
Dora, 94738, FEMALE,
Fleta, 245, FEMALE,
Katlyn, 16998, FEMALE,
Drema, 576, FEMALE,
Danette, 8736, FEMALE,
Donald, 2430, FEMALE,
Sheena, 19160, FEMALE,
Jaylene, 5455, FEMALE,
Albertina, 83, FEMALE,
Leda, 604, FEMALE,
Michelle, 805932, FEMALE,
Fumiko, 171, FEMALE,
Aldona, 300, FEMALE,
Sarai, 14454, FEMALE,
Alayah, 2653, FEMALE,
Tamiko, 2022, FEMALE,
Brittny, 1936, FEMALE,
Martha, 533649, FEMALE,
Bonny, 3736, FEMALE,
Trula, 409, FEMALE,
Zoe, 108100, FEMALE,
Shantel, 8349, FEMALE,
Luisa, 3246, FEMALE,
Torrie, 303, FEMALE,
Angela, 660536, FEMALE,
Terra, 11298, FEMALE,
Venessa, 2463, FEMALE,
Christeen, 728, FEMALE,
Filomena, 3695, FEMALE,
Ammie, 90, FEMALE,
Lyndia, 79, FEMALE,
Ronnie, 3689, FEMALE,
Maya, 82878, FEMALE,
Jeryl, 155, FEMALE,
Remi, 1374, FEMALE,
Moesha, 637, FEMALE,
Adah, 1034, FEMALE,
Delphia, 2864, FEMALE,
Velva, 3081, FEMALE,
Ardis, 5278, FEMALE,
Shayna, 13673, FEMALE,
Novella, 3844, FEMALE,
Kylee, 44003, FEMALE,
Luana, 569, FEMALE,
Kaitlynn, 15320, FEMALE,
Faith, 127898, FEMALE,
Sanjuanita, 623, FEMALE,
Caryl, 4866, FEMALE,
Machelle, 1624, FEMALE,
Leota, 9150, FEMALE,
Delores, 115803, FEMALE,
Giada, 2363, FEMALE,
Sallie, 42429, FEMALE,
Margaret, 1220342, FEMALE,
Sloan, 1586, FEMALE,
Willia, 2253, FEMALE,
Lynne, 59916, FEMALE,
Amy, 684534, FEMALE,
Lilyana, 5408, FEMALE,
Delilah, 28594, FEMALE,
Annika, 14346, FEMALE,
Jody, 53570, FEMALE,
Karyl, 325, FEMALE,
Breonna, 2690, FEMALE,
Gilda, 8063, FEMALE,
Antonetta, 79, FEMALE,
Christa, 30477, FEMALE,
Kim, 176520, FEMALE,
Cinthia, 205, FEMALE,
Lesta, 10, FEMALE,
Flor, 1387, FEMALE,
Hadleigh, 592, FEMALE,
Danita, 5676, FEMALE,
Genie, 99, FEMALE,
Racquel, 1125, FEMALE,
Karis, 1667, FEMALE,
Stephaine, 610, FEMALE,
Krystin, 1122, FEMALE,
Dale, 20270, FEMALE,
Ozie, 35, FEMALE,
Burnice, 322, FEMALE,
Nada, 762, FEMALE,
Timothy, 634, FEMALE,
Sally, 199522, FEMALE,
Adelia, 1957, FEMALE,
Natalee, 5848, FEMALE,
Orpha, 4753, FEMALE,
Lavada, 2947, FEMALE,
Selma, 21988, FEMALE,
Bailey, 91349, FEMALE,
Lessie, 12404, FEMALE,
Dayna, 11648, FEMALE,
Autumn, 111098, FEMALE,
Roxy, 10, FEMALE,
Miya, 3763, FEMALE,
Janine, 30874, FEMALE,
Sonji, 225, FEMALE,
Dorthy, 18864, FEMALE,
Sigrid, 380, FEMALE,
Belva, 6748, FEMALE,
Henley, 1466, FEMALE,
Clarinda, 14, FEMALE,
James, 21655, FEMALE,
Ainsley, 11888, FEMALE,
Ilona, 501, FEMALE,
Oliva, 11, FEMALE,
Mardell, 721, FEMALE,
Victory, 78, FEMALE,
Katharyn, 21, FEMALE,
Emaline, 23, FEMALE,
Audriana, 1765, FEMALE,
Elliot, 1730, FEMALE,
Kaidence, 559, FEMALE,
Jalyn, 2393, FEMALE,
Stefanie, 33936, FEMALE,
Akeelah, 403, FEMALE,
Ethyl, 1385, FEMALE,
Lavern, 5479, FEMALE,
Ariana, 86966, FEMALE,
Yadira, 10814, FEMALE,
Dorathy, 944, FEMALE,
Kevin, 1547, FEMALE,
Zendaya, 653, FEMALE,
Millie, 22890, FEMALE,
Djuna, 198, FEMALE,
Rowena, 8034, FEMALE,
Yoselin, 3728, FEMALE,
Elna, 3607, FEMALE,
Brigitte, 4452, FEMALE,
Merrily, 401, FEMALE,
Trena, 3192, FEMALE,
Kathlene, 472, FEMALE,
Tamela, 5723, FEMALE,
Albertha, 4133, FEMALE,
Alisson, 2788, FEMALE,
Jamila, 4637, FEMALE,
Eller, 14, FEMALE,
Freida, 8990, FEMALE,
Suellen, 1984, FEMALE,
Ellamae, 198, FEMALE,
Vonnie, 1231, FEMALE,
Lelar, 118, FEMALE,
Yamileth, 1889, FEMALE,
Dannielle, 685, FEMALE,
Magnolia, 4702, FEMALE,
Maisie, 894, FEMALE,
Renita, 5222, FEMALE,
Adrian, 10760, FEMALE,
Valarie, 14977, FEMALE,
Kirstin, 6403, FEMALE,
Chyna, 2361, FEMALE,
Tiffany, 334761, FEMALE,
Bernice, 177435, FEMALE,
Kesha, 3245, FEMALE,
Bethany, 95099, FEMALE,
Leaner, 13, FEMALE,
Claribel, 453, FEMALE,
Vickie, 107903, FEMALE,
Ima, 5996, FEMALE,
Rosey, 28, FEMALE,
Edwina, 13271, FEMALE,
Nanette, 15375, FEMALE,
Pinkie, 2339, FEMALE,
Elissa, 13469, FEMALE,
Mercedes, 43889, FEMALE,
Pearl, 140258, FEMALE,
Chelsea, 157267, FEMALE,
China, 1268, FEMALE,
Audie, 1213, FEMALE,
Kia, 5712, FEMALE,
Bernadine, 20873, FEMALE,
Anya, 12308, FEMALE,
Capitola, 13, FEMALE,
Noa, 656, FEMALE,
Nicole, 581755, FEMALE,
Arielle, 21810, FEMALE,
Erica, 228909, FEMALE,
Debi, 2793, FEMALE,
Mark, 1727, FEMALE,
Cordie, 1005, FEMALE,
Nallely, 306, FEMALE,
Joe, 9648, FEMALE,
Michaele, 104, FEMALE,
Odelia, 319, FEMALE,
Maymie, 295, FEMALE,
Charmaine, 14076, FEMALE,
Jaylynn, 6660, FEMALE,
Tinley, 1059, FEMALE,
Lisette, 5519, FEMALE,
Dolly, 17316, FEMALE,
Maebelle, 56, FEMALE,
Mable, 49804, FEMALE,
Darlyne, 50, FEMALE,
Diana, 354901, FEMALE,
Ossie, 1979, FEMALE,
Kaylah, 3614, FEMALE,
Delpha, 852, FEMALE,
Dot, 10, FEMALE,
Citlalli, 920, FEMALE,
Toby, 2905, FEMALE,
Lisbeth, 752, FEMALE,
Traci, 50466, FEMALE,
Samara, 9491, FEMALE,
Katina, 8262, FEMALE,
Aleigha, 1122, FEMALE,
Celine, 5638, FEMALE,
Lorine, 7197, FEMALE,
Mariah, 101911, FEMALE,
Helyn, 289, FEMALE,
Buna, 84, FEMALE,
Clora, 409, FEMALE,
Daisey, 73, FEMALE,
Minta, 179, FEMALE,
Suzanne, 216612, FEMALE,
Sariah, 4667, FEMALE,
Elease, 1813, FEMALE,
Orene, 38, FEMALE,
Tomasa, 1265, FEMALE,
Floy, 5574, FEMALE,
Mylie, 664, FEMALE,
Destiney, 5612, FEMALE,
Masako, 147, FEMALE,
Izola, 107, FEMALE,
Brande, 174, FEMALE,
Naima, 1173, FEMALE,
Adline, 202, FEMALE,
Rosie, 73407, FEMALE,
Lia, 12905, FEMALE,
Kimberely, 607, FEMALE,
Dorotha, 4033, FEMALE,
Karon, 5007, FEMALE,
Evaline, 45, FEMALE,
Gearldine, 3640, FEMALE,
Muriel, 52210, FEMALE,
Loris, 112, FEMALE,
Jacalyn, 2649, FEMALE,
Saige, 5421, FEMALE,
Emilia, 21636, FEMALE,
Blair, 10048, FEMALE,
Chante, 465, FEMALE,
Alaysia, 1042, FEMALE,
Sara, 416898, FEMALE,
Sydney, 161743, FEMALE,
Dorris, 6417, FEMALE,
Marylin, 1850, FEMALE,
Lee, 60013, FEMALE,
Sharron, 14905, FEMALE,
Zeta, 12, FEMALE,
Heather, 523880, FEMALE,
Darci, 3825, FEMALE,
Zetta, 381, FEMALE,
Cherri, 2122, FEMALE,
Isis, 9034, FEMALE,
Shara, 2223, FEMALE,
Reta, 7760, FEMALE,
Jeffrey, 367, FEMALE,
Bobbye, 1906, FEMALE,
Edyth, 1130, FEMALE,
Ona, 5510, FEMALE,
Laura, 779893, FEMALE,
Wynona, 1806, FEMALE,
Nannie, 21498, FEMALE,
Livia, 3367, FEMALE,
Besse, 263, FEMALE,
Ryann, 5935, FEMALE,
Marlie, 607, FEMALE,
Debera, 89, FEMALE,
Gretchen, 51712, FEMALE,
Megan, 434716, FEMALE,
Ronald, 670, FEMALE,
Gia, 9964, FEMALE,
Iyanna, 1262, FEMALE,
Brandee, 2981, FEMALE,
Jule, 215, FEMALE,
Robyn, 58862, FEMALE,
Thea, 2245, FEMALE,
Aviana, 1737, FEMALE,
Adriene, 243, FEMALE,
Tishie, 12, FEMALE,
Virgia, 39, FEMALE,
Cassondra, 2154, FEMALE,
Barbara, 1431519, FEMALE,
Iona, 9229, FEMALE,
Journey, 9226, FEMALE,
Monnie, 347, FEMALE,
Chanda, 3983, FEMALE,
Dagny, 13, FEMALE,
Elta, 328, FEMALE,
Pauletta, 794, FEMALE,
Kerrie, 6805, FEMALE,
Mareli, 411, FEMALE,
Bettylou, 490, FEMALE,
Zuri, 2945, FEMALE,
Britt, 532, FEMALE,
Lizette, 8931, FEMALE,
Adda, 173, FEMALE,
Cecily, 1431, FEMALE,
Effa, 39, FEMALE,
Denisse, 1626, FEMALE,
Skyla, 8570, FEMALE,
Pyper, 273, FEMALE,
Leatha, 3782, FEMALE,
Gracelyn, 6539, FEMALE,
Agatha, 5465, FEMALE,
Izetta, 301, FEMALE,
Rozanne, 68, FEMALE,
Shelbi, 3435, FEMALE,
Genoveva, 27, FEMALE,
Arlene, 139807, FEMALE,
Sharla, 3875, FEMALE,
Wilda, 11468, FEMALE,
Lyda, 3056, FEMALE,
Kinsley, 13663, FEMALE,
Lola, 80439, FEMALE,
Camryn, 23166, FEMALE,
Elma, 18543, FEMALE,
Mylee, 1874, FEMALE,
Eden, 26381, FEMALE,
Mame, 37, FEMALE,
Jeanmarie, 120, FEMALE,
Nayely, 331, FEMALE,
Albertine, 1047, FEMALE,
Arla, 566, FEMALE,
Dena, 29807, FEMALE,
Georgine, 555, FEMALE,
Rachelle, 31040, FEMALE,
Madalynn, 5960, FEMALE,
Verna, 65752, FEMALE,
Ingeborg, 27, FEMALE,
Cari, 10608, FEMALE,
Rosalia, 1689, FEMALE,
Tomika, 1795, FEMALE,
Sherie, 2848, FEMALE,
Richard, 7099, FEMALE,
Loraine, 15251, FEMALE,
Malvina, 547, FEMALE,
Joella, 62, FEMALE,
Erna, 7685, FEMALE,
Janelle, 51642, FEMALE,
Terry, 95008, FEMALE,
Ova, 503, FEMALE,
Lavina, 3832, FEMALE,
Carrol, 2578, FEMALE,
Lilianna, 4183, FEMALE,
Oma, 8242, FEMALE,
Lea, 30048, FEMALE,
Etta, 34163, FEMALE,
Beda, 53, FEMALE,
Kyndal, 532, FEMALE,
Forrest, 26, FEMALE,
Luverne, 53, FEMALE,
Parthenia, 50, FEMALE,
Lissette, 4300, FEMALE,
Libbie, 568, FEMALE,
Cortney, 15540, FEMALE,
Carleigh, 1075, FEMALE,
Shannon, 293682, FEMALE,
Pluma, 29, FEMALE,
Charlize, 2869, FEMALE,
Paralee, 127, FEMALE,
Carol, 814226, FEMALE,
Everly, 5281, FEMALE,
Bria, 12512, FEMALE,
Arline, 15838, FEMALE,
Belle, 9371, FEMALE,
Denese, 98, FEMALE,
Nathalia, 1226, FEMALE,
Maxie, 2843, FEMALE,
Pat, 39523, FEMALE,
Shirley, 683091, FEMALE,
Nedra, 4643, FEMALE,
Domonique, 3667, FEMALE,
Luann, 14270, FEMALE,
Hollis, 782, FEMALE,
Milania, 1707, FEMALE,
Jacquelyn, 82656, FEMALE,
Neha, 219, FEMALE,
Macey, 8957, FEMALE,
Kaitlyn, 159898, FEMALE,
Sheryl, 76918, FEMALE,
Londyn, 12085, FEMALE,
Melisa, 16051, FEMALE,
Lila, 58741, FEMALE,
Abbie, 17062, FEMALE,
Cassidy, 52378, FEMALE,
Heidy, 1129, FEMALE,
Jonathan, 1379, FEMALE,
Vallie, 1565, FEMALE,
Grisel, 204, FEMALE,
Carie, 2284, FEMALE,
Tari, 118, FEMALE,
Gabriella, 102167, FEMALE,
Denice, 8144, FEMALE,
Kirsten, 51192, FEMALE,
Henrietta, 46356, FEMALE,
Lue, 5117, FEMALE,
Aubrie, 8790, FEMALE,
Leeann, 10756, FEMALE,
Simone, 22460, FEMALE,
Catina, 3267, FEMALE,
Marlys, 7649, FEMALE,
Sloane, 4655, FEMALE,
Sondra, 25643, FEMALE,
Danielle, 364277, FEMALE,
Ophelia, 12682, FEMALE,
Jettie, 2286, FEMALE,
Rachael, 80662, FEMALE,
Dorthey, 110, FEMALE,
Denisha, 701, FEMALE,
Sydell, 55, FEMALE,
Nakia, 5844, FEMALE,
Quinn, 19140, FEMALE,
Lakendra, 346, FEMALE,
Wilhelmina, 8898, FEMALE,
Evelyne, 2118, FEMALE,
Fernanda, 12274, FEMALE,
Elayne, 1739, FEMALE,
Mckinley, 5334, FEMALE,
Paola, 20614, FEMALE,
Marla, 35335, FEMALE,
Ines, 1742, FEMALE,
Penni, 1038, FEMALE,
Caleigh, 1546, FEMALE,
Maliah, 2122, FEMALE,
Aubriella, 567, FEMALE,
Flonnie, 142, FEMALE,
Lauretta, 8085, FEMALE,
Katelin, 7466, FEMALE,
Latisha, 16876, FEMALE,
Nathaly, 3928, FEMALE,
Shona, 288, FEMALE,
Lexus, 4770, FEMALE,
Adamaris, 572, FEMALE,
Liane, 246, FEMALE,
Diya, 1948, FEMALE,
Brian, 2190, FEMALE,
Jasmyne, 187, FEMALE,
Mellissa, 3712, FEMALE,
Chiquita, 4102, FEMALE,
Ricki, 712, FEMALE,
Tracie, 30892, FEMALE,
Sophronia, 321, FEMALE,
Eola, 38, FEMALE,
Deyanira, 201, FEMALE,
Katie, 230504, FEMALE,
Vena, 1168, FEMALE,
Judyth, 135, FEMALE,
Williemae, 69, FEMALE,
Andria, 5748, FEMALE,
Paloma, 6110, FEMALE,
Kami, 4662, FEMALE,
Tamika, 21420, FEMALE,
Jazlynn, 3785, FEMALE,
Natasha, 93637, FEMALE,
Earlean, 989, FEMALE,
Annabelle, 49031, FEMALE,
Tonya, 118802, FEMALE,
Randi, 27013, FEMALE,
Opha, 12, FEMALE,
Leila, 40773, FEMALE,
Luciana, 5575, FEMALE,
Kala, 5192, FEMALE,
Helma, 93, FEMALE,
Anitra, 2367, FEMALE,
Kalyn, 4399, FEMALE,
Vessie, 27, FEMALE,
Madalyn, 16998, FEMALE,
Jemima, 23, FEMALE,
Miley, 10116, FEMALE,
Unknown, 6578, FEMALE,
Margene, 110, FEMALE,
Ruthanne, 352, FEMALE,
Leontine, 219, FEMALE,
Eliana, 27818, FEMALE,
Citlali, 1495, FEMALE,
Sharman, 286, FEMALE,
Kelli, 73284, FEMALE,
Clotilda, 10, FEMALE,
Torie, 131, FEMALE,
Deidre, 13640, FEMALE,
Tyler, 13565, FEMALE,
Tamisha, 122, FEMALE,
Lanette, 2247, FEMALE,
Tashina, 168, FEMALE,
Glenda, 106515, FEMALE,
Michaela, 46559, FEMALE,
Doretta, 109, FEMALE,
Tanesha, 4132, FEMALE,
Lily, 128094, FEMALE,
Sheryll, 101, FEMALE,
Candida, 1002, FEMALE,
Anita, 211059, FEMALE,
Asia, 30068, FEMALE,
Lashawn, 4958, FEMALE,
Hildred, 1803, FEMALE,
Allisson, 1598, FEMALE,
Saanvi, 602, FEMALE,
Margery, 14264, FEMALE,
Abbigail, 9779, FEMALE,
Shawanda, 1153, FEMALE,
Cleola, 17, FEMALE,
Otha, 16, FEMALE,
Biddie, 11, FEMALE,
Candace, 82148, FEMALE,
Shannan, 3100, FEMALE,
Sharee, 159, FEMALE,
Kaitlin, 55882, FEMALE,
Lynnette, 12807, FEMALE,
Lauryn, 17858, FEMALE,
Sidney, 20115, FEMALE,
Mamie, 68964, FEMALE,
Renea, 1496, FEMALE,
Zana, 252, FEMALE,
Montie, 65, FEMALE,
Eulalia, 2453, FEMALE,
Trilby, 12, FEMALE,
Briar, 330, FEMALE,
Liza, 11580, FEMALE,
Chantelle, 4471, FEMALE,
Yazmin, 6210, FEMALE,
Juliette, 20092, FEMALE,
Deasia, 1138, FEMALE,
Meghan, 92933, FEMALE,
Shaniya, 4923, FEMALE,
Harper, 47588, FEMALE,
Marianne, 61543, FEMALE,
Johanna, 48895, FEMALE,
Corliss, 1504, FEMALE,
Fronia, 14, FEMALE,
Mina, 9466, FEMALE,
Jeanine, 21978, FEMALE,
Trudie, 591, FEMALE,
Brook, 7545, FEMALE,
Aili, 42, FEMALE,
Dorine, 710, FEMALE,
Betty, 994572, FEMALE,
Merrie, 415, FEMALE,
Sharita, 482, FEMALE,
Patricia, 1570896, FEMALE,
Kenna, 4924, FEMALE,
Ester, 10536, FEMALE,
Mavis, 16996, FEMALE,
Emerie, 914, FEMALE,
Zelpha, 82, FEMALE,
Lynn, 179052, FEMALE,
Concha, 564, FEMALE,
Taniya, 3127, FEMALE,
Selene, 868, FEMALE,
Kiley, 17667, FEMALE,
Renada, 240, FEMALE,
Vinie, 12, FEMALE,
Victoria, 470466, FEMALE,
Yaritza, 4892, FEMALE,
Sanaa, 3364, FEMALE,
Sadie, 108043, FEMALE,
Eryn, 1999, FEMALE,
Valinda, 136, FEMALE,
Sydnee, 5851, FEMALE,
Idell, 2552, FEMALE,
Romina, 321, FEMALE,
Cherryl, 306, FEMALE,
Olive, 46808, FEMALE,
Shanita, 1358, FEMALE,
Eura, 476, FEMALE,
Shawna, 43616, FEMALE,
Luvinia, 15, FEMALE,
Eveline, 988, FEMALE,
Khaleesi, 710, FEMALE,
Sabrina, 134290, FEMALE,
Tinnie, 63, FEMALE,
Rafaela, 42, FEMALE,
Terese, 3681, FEMALE,
Ilo, 28, FEMALE,
Tawanda, 2591, FEMALE,
Bennie, 8638, FEMALE,
Mercy, 846, FEMALE,
Guadalupe, 63910, FEMALE,
Daneen, 132, FEMALE,
Kenley, 4045, FEMALE,
Keli, 1229, FEMALE,
Eathel, 64, FEMALE,
Myrtis, 5095, FEMALE,
Crysta, 195, FEMALE,
Vernelle, 69, FEMALE,
Olympia, 274, FEMALE,
Honora, 73, FEMALE,
Jami, 19817, FEMALE,
Candy, 25252, FEMALE,
Desiree, 80803, FEMALE,
Emerald, 2716, FEMALE,
Rosalinda, 10526, FEMALE,
Roseanna, 1003, FEMALE,
Janene, 501, FEMALE,
David, 10969, FEMALE,
Jazmine, 33978, FEMALE,
Elmina, 23, FEMALE,
Reilly, 2526, FEMALE,
Sherryl, 3168, FEMALE,
Cleora, 835, FEMALE,
Jessa, 1148, FEMALE,
Taina, 248, FEMALE,
Brandie, 14151, FEMALE,
Dell, 305, FEMALE,
Amara, 7524, FEMALE,
Alesha, 5106, FEMALE,
Ellar, 43, FEMALE,
Jeanette, 160147, FEMALE,
Dione, 568, FEMALE,
Letitia, 9749, FEMALE,
Venita, 3411, FEMALE,
Elaina, 18574, FEMALE,
Katelynn, 29080, FEMALE,
Jailene, 1573, FEMALE,
Catharine, 9492, FEMALE,
Jordan, 127682, FEMALE,
Crista, 754, FEMALE,
Makenna, 25245, FEMALE,
Daija, 1433, FEMALE,
Karli, 7933, FEMALE,
Shawnee, 228, FEMALE,
Keyla, 4537, FEMALE,
Tamie, 1798, FEMALE,
Veda, 7126, FEMALE,
Larae, 49, FEMALE,
Theta, 20, FEMALE,
Jenilee, 192, FEMALE,
Edie, 1117, FEMALE,
Kelley, 44135, FEMALE,
Exie, 1146, FEMALE,
Jesica, 2144, FEMALE,
Joye, 887, FEMALE,
Madilyn, 13631, FEMALE,
Hildegarde, 1567, FEMALE,
Penelope, 43304, FEMALE,
Vella, 469, FEMALE,
Alina, 24510, FEMALE,
Evelina, 222, FEMALE,
Claudette, 16756, FEMALE,
Jimena, 9862, FEMALE,
Sheri, 59139, FEMALE,
Toshiko, 112, FEMALE,
Dessie, 9182, FEMALE,
Trish, 687, FEMALE,
Golda, 4103, FEMALE,
Alverda, 90, FEMALE,
Lakeisha, 11371, FEMALE,
Beadie, 16, FEMALE,
Nikita, 7057, FEMALE,
Leonor, 1622, FEMALE,
Graciela, 12665, FEMALE,
Mellisa, 2486, FEMALE,
Genevieve, 106265, FEMALE,
Betsey, 72, FEMALE,
Reanna, 1524, FEMALE,
Vicie, 40, FEMALE,
Lesley, 32053, FEMALE,
Sarita, 442, FEMALE,
Luz, 23405, FEMALE,
Virginia, 644208, FEMALE,
Maryam, 4138, FEMALE,
Krissy, 540, FEMALE,
Brooke, 184277, FEMALE,
Shardae, 200, FEMALE,
Marge, 2784, FEMALE,
Sherri, 82332, FEMALE,
Cuba, 43, FEMALE,
Alexandra, 224965, FEMALE,
Janyce, 419, FEMALE,
Shelva, 616, FEMALE,
Mona, 41304, FEMALE,
Jeanna, 6421, FEMALE,
Tenisha, 1568, FEMALE,
Elyse, 15049, FEMALE,
Adilynn, 346, FEMALE,
Adelina, 4732, FEMALE,
Rashida, 1197, FEMALE,
Rona, 3045, FEMALE,
Lorie, 19906, FEMALE,
Kanisha, 482, FEMALE,
Ethelene, 411, FEMALE,
Shani, 1155, FEMALE,
Mandy, 38886, FEMALE,
Shanequa, 516, FEMALE,
Blanchie, 23, FEMALE,
Anastasia, 37626, FEMALE,
Taliyah, 5684, FEMALE,
Amalia, 3379, FEMALE,
Angelic, 658, FEMALE,
Claudia, 124950, FEMALE,
Jocelynn, 2980, FEMALE,
Meg, 1643, FEMALE,
Shyann, 4433, FEMALE,
Shawnna, 144, FEMALE,
Ariadne, 716, FEMALE,
Florence, 314825, FEMALE,
Chandler, 5041, FEMALE,
Nevaeh, 68636, FEMALE,
Abigayle, 3512, FEMALE,
Maritza, 21121, FEMALE,
Skye, 15647, FEMALE,
Ragna, 25, FEMALE,
Phillis, 925, FEMALE,
Faye, 63476, FEMALE,
Zadie, 183, FEMALE,
Helaine, 65, FEMALE,
Nicolette, 11930, FEMALE,
Melissa, 749858, FEMALE,
Shaina, 8844, FEMALE,
Rene, 18503, FEMALE,
Drucilla, 719, FEMALE,
Liana, 11468, FEMALE,
Callie, 50900, FEMALE,
Kourtney, 10986, FEMALE,
Loni, 1354, FEMALE,
Yasmin, 17009, FEMALE,
Rebekah, 71048, FEMALE,
Karyme, 251, FEMALE,
Skylar, 51966, FEMALE,
Dorcas, 3938, FEMALE,
Gertie, 7038, FEMALE,
Gwendolyn, 116079, FEMALE,
Paul, 2053, FEMALE,
Deanne, 13287, FEMALE,
Patty, 60417, FEMALE,
Margarett, 3595, FEMALE,
Theodora, 6217, FEMALE,
Chastity, 7470, FEMALE,
Zora, 4165, FEMALE,
Gabrielle, 128614, FEMALE,
Norene, 3630, FEMALE,
Manilla, 35, FEMALE,
Yamilet, 1706, FEMALE,
Hunter, 8900, FEMALE,
Milissa, 1097, FEMALE,
Marina, 34355, FEMALE,
Cecil, 6484, FEMALE,
Cami, 638, FEMALE,
Matie, 152, FEMALE,
Vernetta, 50, FEMALE,
Sofie, 253, FEMALE,
Meilani, 284, FEMALE,
Kasie, 1356, FEMALE,
Shelley, 70697, FEMALE,
Mattie, 118262, FEMALE,
Jocelyn, 99543, FEMALE,
Adalyn, 12434, FEMALE,
Cody, 2658, FEMALE,
Della, 58678, FEMALE,
Bella, 46514, FEMALE,
Christine, 582540, FEMALE,
Annamarie, 4535, FEMALE,
Willa, 21827, FEMALE,
Aspen, 11274, FEMALE,
Aubree, 29143, FEMALE,
Clarence, 26, FEMALE,
Phebe, 223, FEMALE,
Deena, 10686, FEMALE,
Mathilda, 4649, FEMALE,
Carson, 3585, FEMALE,
Cordelia, 5506, FEMALE,
Tatiana, 31212, FEMALE,
Aline, 11059, FEMALE,
Kairi, 1801, FEMALE,
Rolanda, 956, FEMALE,
Cindy, 255072, FEMALE,
Layla, 66360, FEMALE,
Imogene, 26035, FEMALE,
Maribel, 21790, FEMALE,
Juana, 14163, FEMALE,
Rutha, 1250, FEMALE,
Jaimie, 7102, FEMALE,
Aryanna, 6920, FEMALE,
Tori, 34193, FEMALE,
Arleth, 314, FEMALE,
Tiera, 2151, FEMALE,
Ieshia, 293, FEMALE,
Lorinda, 2224, FEMALE,
Candice, 65234, FEMALE,
Michele, 221011, FEMALE,
Birtha, 711, FEMALE,
Sada, 19, FEMALE,
Maude, 32653, FEMALE,
Elmyra, 12, FEMALE,
Justina, 6927, FEMALE,
Jorja, 267, FEMALE,
Jaylen, 1491, FEMALE,
Amiyah, 8993, FEMALE,
Daryl, 1661, FEMALE,
Aleah, 10401, FEMALE,
Sabina, 1381, FEMALE,
Alyson, 26532, FEMALE,
Ottilie, 180, FEMALE,
Serena, 37166, FEMALE,
Trinity, 69946, FEMALE,
Izabella, 21378, FEMALE,
Cailyn, 2259, FEMALE,
Lissa, 355, FEMALE,
Miriam, 105302, FEMALE,
Sarahi, 4165, FEMALE,
Patrica, 7519, FEMALE,
Jessie, 156902, FEMALE,
Shane, 581, FEMALE,
Gracie, 66671, FEMALE,
Earlene, 13104, FEMALE,
Evelin, 3130, FEMALE,
Jamie, 266096, FEMALE,
Taraji, 1387, FEMALE,
Jenifer, 23581, FEMALE,
Winter, 2277, FEMALE,
Deeann, 752, FEMALE,
Jalisa, 3804, FEMALE,
Elba, 30, FEMALE,
Selina, 14181, FEMALE,
Cannie, 11, FEMALE,
Stephanie, 736709, FEMALE,
Kamora, 288, FEMALE,
Alexandria, 92521, FEMALE,
Lilian, 11702, FEMALE,
Nelda, 18648, FEMALE,
Casandra, 13342, FEMALE,
Arden, 509, FEMALE,
Precious, 15900, FEMALE,
Etna, 66, FEMALE,
Justine, 36499, FEMALE,
Irine, 326, FEMALE,
Karyn, 11541, FEMALE,
Jaden, 12220, FEMALE,
Lucile, 32474, FEMALE,
Eddie, 14038, FEMALE,
Brea, 725, FEMALE,
Nichole, 61200, FEMALE,
Tatyanna, 218, FEMALE,
Alleen, 12, FEMALE,
Astrid, 2120, FEMALE,
Marie, 526635, FEMALE,
Micaela, 8373, FEMALE,
Julissa, 20935, FEMALE,
Neriah, 843, FEMALE,
Birdie, 9646, FEMALE,
Eugenie, 874, FEMALE,
Alissa, 36347, FEMALE,
Tawnya, 3010, FEMALE,
Jana, 40919, FEMALE,
Eva, 245458, FEMALE,
Katherine, 621944, FEMALE,
Eldora, 3227, FEMALE,
Theo, 2103, FEMALE,
Melvin, 62, FEMALE,
Laverna, 2441, FEMALE,
Velia, 135, FEMALE,
Herlinda, 978, FEMALE,
Verdell, 174, FEMALE,
Annemarie, 6541, FEMALE,
Lexie, 11346, FEMALE,
Lyra, 272, FEMALE,
Eloisa, 2329, FEMALE,
Winnie, 18233, FEMALE,
Ebba, 257, FEMALE,
Tammy, 329234, FEMALE,
Shanon, 2915, FEMALE,
Adele, 34060, FEMALE,
Hailie, 3354, FEMALE,
Lashanda, 3403, FEMALE,
Celestine, 7519, FEMALE,
Isadora, 24, FEMALE,
Allena, 10, FEMALE,
Carisa, 1039, FEMALE,
Kylah, 1898, FEMALE,
Gaylene, 118, FEMALE,
Vicki, 151146, FEMALE,
Montana, 4994, FEMALE,
Arlyne, 67, FEMALE,
Constance, 135694, FEMALE,
Adelle, 1745, FEMALE,
Cherry, 8425, FEMALE,
Davina, 3054, FEMALE,
Abigail, 332381, FEMALE,
Verlene, 392, FEMALE,
Kassandra, 29635, FEMALE,
Lolita, 5558, FEMALE,
Carla, 147318, FEMALE,
Sherree, 429, FEMALE,
Makayla, 96900, FEMALE,
Sandy, 66363, FEMALE,
Meaghan, 12193, FEMALE,
Dalilah, 503, FEMALE,
Stefani, 2660, FEMALE,
Aitana, 298, FEMALE,
Kloe, 529, FEMALE,
Sarrah, 11, FEMALE,
Allean, 172, FEMALE,
Julia, 439696, FEMALE,
Rilla, 729, FEMALE,
Virgil, 137, FEMALE,
Bessie, 152744, FEMALE,
Tatum, 15838, FEMALE,
Evelyn, 540267, FEMALE,
Dedra, 2348, FEMALE,
Pansy, 9362, FEMALE,
Laurene, 1682, FEMALE,
Kya, 2031, FEMALE,
Chanelle, 1186, FEMALE,
Tennille, 1335, FEMALE,
Felisha, 3661, FEMALE,
Alayna, 22048, FEMALE,
May, 37007, FEMALE,
Dillie, 84, FEMALE,
Ronda, 33005, FEMALE,
Nannette, 4330, FEMALE,
Caitlin, 109934, FEMALE,
Ella, 266101, FEMALE,
Era, 4045, FEMALE,
Raina, 6443, FEMALE,
Shawnte, 207, FEMALE,
Allyssa, 4321, FEMALE,
Lelah, 500, FEMALE,
Amira, 9160, FEMALE,
Tula, 49, FEMALE,
Janis, 46720, FEMALE,
Noelia, 2437, FEMALE,
Melodee, 101, FEMALE,
Evelynn, 3719, FEMALE,
Rossie, 501, FEMALE,
Joretta, 332, FEMALE,
Claude, 51, FEMALE,
Kristina, 134617, FEMALE,
Laisha, 775, FEMALE,
Clemence, 24, FEMALE,
Neva, 17270, FEMALE,
Cathey, 1192, FEMALE,
Emeline, 386, FEMALE,
Addisyn, 6551, FEMALE,
Gay, 17402, FEMALE,
Delsie, 59, FEMALE,
Pattie, 8494, FEMALE,
Tabatha, 17844, FEMALE,
Meghann, 2430, FEMALE,
Deborah, 739501, FEMALE,
Rylee, 42055, FEMALE,
Susann, 1099, FEMALE,
George, 7359, FEMALE,
Dellar, 63, FEMALE,
Calla, 43, FEMALE,
Tarsha, 1230, FEMALE,
Johnna, 5892, FEMALE,
Chelsey, 28846, FEMALE,
Metta, 180, FEMALE,
Deidra, 8230, FEMALE,
Marilyn, 369006, FEMALE,
Antonina, 140, FEMALE,
Daniel, 3864, FEMALE,
Brooklyn, 85274, FEMALE,
Rhiannon, 12372, FEMALE,
Mallie, 1161, FEMALE,
Myrtice, 3520, FEMALE,
Anaya, 9437, FEMALE,
Anabelle, 5616, FEMALE,
Cielo, 503, FEMALE,
Glennie, 473, FEMALE,
Vernia, 15, FEMALE,
Permelia, 13, FEMALE,
Marley, 18948, FEMALE,
Cathleen, 27453, FEMALE,
Audry, 1092, FEMALE,
Joell, 237, FEMALE,
Signe, 803, FEMALE,
Buelah, 270, FEMALE,
Alessandra, 14921, FEMALE,
Angelita, 8382, FEMALE,
Shaniece, 208, FEMALE,
Delinda, 231, FEMALE,
Celina, 9105, FEMALE,
Hayleigh, 1952, FEMALE,
Brianne, 18466, FEMALE,
Pamela, 592691, FEMALE,
Latifah, 551, FEMALE,
Stephany, 10380, FEMALE,
Katelyn, 128884, FEMALE,
Pam, 32568, FEMALE,
Savana, 2745, FEMALE,
Shelia, 45806, FEMALE,
Kimberly, 830784, FEMALE,
Juliann, 3110, FEMALE,
Sable, 180, FEMALE,
Madelyn, 77734, FEMALE,
Bridgett, 10451, FEMALE,
Olene, 297, FEMALE,
Belia, 51, FEMALE,
Melissia, 121, FEMALE,
Joycelyn, 2430, FEMALE,
Felecia, 8272, FEMALE,
Tanya, 114777, FEMALE,
Martika, 480, FEMALE,
Cheryle, 4509, FEMALE,
Corrina, 933, FEMALE,
Eulalie, 70, FEMALE,
