Name, Count, Sex
Rollie, 1785, MALE,
Hassan, 8416, MALE,
Rashawn, 3931, MALE,
Kaye, 154, MALE,
Jonathon, 63822, MALE,
Dameon, 1054, MALE,
Fritz, 4316, MALE,
Andres, 78455, MALE,
Tavian, 169, MALE,
Colvin, 6, MALE,
Luster, 55, MALE,
Ruth, 1973, MALE,
Orla, 18, MALE,
Elihu, 6, MALE,
Richmond, 1262, MALE,
Jerod, 4623, MALE,
Raul, 82765, MALE,
Jory, 925, MALE,
Green, 565, MALE,
Colten, 13018, MALE,
Diamond, 6, MALE,
Cordell, 7202, MALE,
Hamza, 5198, MALE,
Brennen, 7447, MALE,
Alexande, 301, MALE,
Brayden, 102318, MALE,
Sage, 7939, MALE,
Kinte, 104, MALE,
Campbell, 368, MALE,
Erastus, 25, MALE,
Hendrix, 1960, MALE,
Ronny, 11951, MALE,
Bluford, 6, MALE,
Adelard, 21, MALE,
Cayson, 1491, MALE,
Ashton, 60392, MALE,
Kennedy, 3133, MALE,
Westley, 2280, MALE,
Winfield, 3566, MALE,
Ike, 3701, MALE,
Christ, 1126, MALE,
Crosby, 1953, MALE,
Dorian, 18233, MALE,
Curley, 592, MALE,
Clovis, 1694, MALE,
Isidore, 2362, MALE,
Denny, 12763, MALE,
Giles, 2533, MALE,
Byron, 78588, MALE,
Wallace, 77778, MALE,
Luigi, 291, MALE,
Gregg, 35012, MALE,
Ryley, 633, MALE,
Steve, 239192, MALE,
Lawrance, 532, MALE,
Silvio, 968, MALE,
Lewis, 145291, MALE,
Hobert, 4704, MALE,
Jere, 3216, MALE,
Ryland, 5938, MALE,
Jarad, 707, MALE,
Geo, 260, MALE,
Legend, 2339, MALE,
Brenton, 12336, MALE,
Doss, 10, MALE,
Littleton, 8, MALE,
Ahmad, 15465, MALE,
Duard, 8, MALE,
Drew, 71784, MALE,
Jack, 665495, MALE,
Cicero, 212, MALE,
Scotty, 16702, MALE,
Gray, 16, MALE,
Chester, 115993, MALE,
Herb, 774, MALE,
Bret, 28279, MALE,
Bertram, 6803, MALE,
Haden, 1421, MALE,
Aydan, 4338, MALE,
Miller, 2920, MALE,
Boysie, 6, MALE,
Pink, 259, MALE,
Florentino, 106, MALE,
Rosendo, 891, MALE,
Linn, 6, MALE,
Tad, 4932, MALE,
Cass, 13, MALE,
Kyler, 26407, MALE,
Codi, 594, MALE,
Orrin, 2409, MALE,
Ethen, 1612, MALE,
Gilbert, 127457, MALE,
Douglas, 556138, MALE,
Kylen, 419, MALE,
Bronson, 6506, MALE,
Markus, 12575, MALE,
Vick, 6, MALE,
Horatio, 21, MALE,
German, 6879, MALE,
Demarion, 1731, MALE,
Jarrad, 264, MALE,
Wayde, 540, MALE,
Gustaf, 70, MALE,
Baker, 6, MALE,
Harlow, 125, MALE,
Floyd, 149343, MALE,
Roscoe, 18572, MALE,
Arlin, 1971, MALE,
Thedore, 42, MALE,
Stevie, 10417, MALE,
Wylie, 1868, MALE,
Keandre, 295, MALE,
Holland, 45, MALE,
Hudson, 40065, MALE,
Elwyn, 2287, MALE,
Huy, 82, MALE,
Golden, 761, MALE,
Susan, 1705, MALE,
Konner, 3076, MALE,
Dominque, 1217, MALE,
Verlin, 2784, MALE,
Buddy, 21032, MALE,
Con, 6, MALE,
Teddie, 8, MALE,
Winthrop, 80, MALE,
Aloysius, 4043, MALE,
Levie, 10, MALE,
Canaan, 283, MALE,
Ryder, 33841, MALE,
Darby, 627, MALE,
Mauricio, 18982, MALE,
Burl, 6134, MALE,
Willam, 1750, MALE,
Reubin, 15, MALE,
Rayan, 2977, MALE,
Kye, 209, MALE,
Polk, 7, MALE,
Palmer, 4126, MALE,
Pierce, 12828, MALE,
Maximilian, 12346, MALE,
Jovany, 2120, MALE,
Benton, 4799, MALE,
Yancy, 403, MALE,
Keshawn, 4239, MALE,
Damarion, 3125, MALE,
Ennis, 1021, MALE,
Lew, 93, MALE,
Dalvin, 583, MALE,
Roland, 95616, MALE,
Tarik, 1236, MALE,
Kristian, 17679, MALE,
Ewell, 936, MALE,
Kiel, 1256, MALE,
Devan, 11776, MALE,
Dakota, 82842, MALE,
Cameron, 258925, MALE,
Mervin, 9189, MALE,
Clare, 2185, MALE,
Theophile, 8, MALE,
Eston, 26, MALE,
Vern, 10422, MALE,
Whitney, 3561, MALE,
Simeon, 2994, MALE,
Isai, 4053, MALE,
Gideon, 8526, MALE,
Ryan, 908412, MALE,
Catherine, 25, MALE,
Ida, 123, MALE,
Conner, 49263, MALE,
Mabel, 131, MALE,
Musa, 227, MALE,
Jaxon, 54577, MALE,
Vincenzo, 3625, MALE,
Tory, 4903, MALE,
Dallin, 2576, MALE,
Ivor, 7, MALE,
Jermaine, 40069, MALE,
Jessy, 2124, MALE,
Hosteen, 20, MALE,
Kellen, 13830, MALE,
Norwood, 1856, MALE,
Josh, 13553, MALE,
Jahir, 215, MALE,
Ronin, 2953, MALE,
Everet, 14, MALE,
Lawerence, 3790, MALE,
Jered, 2325, MALE,
Taylor, 108354, MALE,
Raiden, 3922, MALE,
Coleman, 14645, MALE,
Darrian, 1093, MALE,
Aloys, 7, MALE,
Kendall, 33200, MALE,
Babyboy, 267, MALE,
Gerhard, 663, MALE,
Ezequiel, 10630, MALE,
Channing, 3303, MALE,
Press, 23, MALE,
Jakob, 28443, MALE,
Michale, 1523, MALE,
Juan, 337937, MALE,
Curtiss, 3367, MALE,
Lon, 8379, MALE,
Laura, 241, MALE,
Emil, 27083, MALE,
Admiral, 56, MALE,
Cullen, 11098, MALE,
Martin, 300012, MALE,
Zaire, 3524, MALE,
Lillard, 8, MALE,
Daulton, 307, MALE,
Gaylen, 624, MALE,
Gunner, 12924, MALE,
Deonte, 5686, MALE,
Seneca, 660, MALE,
Tevin, 8726, MALE,
Thelma, 111, MALE,
Newton, 5786, MALE,
Allie, 1689, MALE,
Horton, 7, MALE,
Art, 4244, MALE,
Colton, 104941, MALE,
Jermey, 1431, MALE,
Colonel, 100, MALE,
Jaymes, 484, MALE,
Burrell, 77, MALE,
Danny, 281279, MALE,
Cornelious, 73, MALE,
Zachery, 27972, MALE,
Adolphus, 2475, MALE,
Nick, 47692, MALE,
Ronaldo, 2693, MALE,
Erie, 147, MALE,
Rayden, 1829, MALE,
Irving, 40723, MALE,
Hallie, 236, MALE,
Almon, 308, MALE,
Virgie, 11, MALE,
Rodrigo, 21008, MALE,
Tristin, 8120, MALE,
Holly, 16, MALE,
Davon, 11531, MALE,
Kiara, 114, MALE,
Mikal, 423, MALE,
Hilary, 326, MALE,
Orie, 160, MALE,
Adrain, 1605, MALE,
Louie, 24712, MALE,
Clemon, 13, MALE,
Alwin, 6, MALE,
Yandel, 2459, MALE,
Dave, 60352, MALE,
Pate, 7, MALE,
Larry, 804264, MALE,
Madison, 4646, MALE,
Dejuan, 3334, MALE,
Luke, 241882, MALE,
Finnley, 581, MALE,
Jon, 164931, MALE,
Barnard, 5, MALE,
Kayson, 3211, MALE,
Darold, 3034, MALE,
Arba, 8, MALE,
Laron, 2368, MALE,
King, 16093, MALE,
Noble, 5156, MALE,
Cristian, 58676, MALE,
Benito, 11520, MALE,
Jereme, 1295, MALE,
Zachariah, 25013, MALE,
Fate, 152, MALE,
Deshawn, 14341, MALE,
Josue, 44177, MALE,
Maynard, 13412, MALE,
Erle, 13, MALE,
Werner, 1849, MALE,
Raymundo, 6568, MALE,
Jimmie, 109979, MALE,
Quentin, 38835, MALE,
Keifer, 131, MALE,
Zigmund, 205, MALE,
Vicente, 17875, MALE,
Emanuel, 47351, MALE,
Kamren, 1338, MALE,
Devyn, 4916, MALE,
Braulio, 649, MALE,
Waverly, 60, MALE,
Edna, 235, MALE,
Jiles, 8, MALE,
Jabbar, 77, MALE,
Von, 2452, MALE,
Franco, 3321, MALE,
Oswaldo, 2154, MALE,
Lochlan, 714, MALE,
Rahul, 1192, MALE,
Jarred, 11891, MALE,
Manson, 8, MALE,
Esley, 6, MALE,
Blake, 165834, MALE,
Odell, 13024, MALE,
Hezzie, 7, MALE,
Dink, 6, MALE,
Durrell, 274, MALE,
Gustav, 1861, MALE,
Keanu, 2632, MALE,
Gayle, 4246, MALE,
Gilmore, 32, MALE,
Colt, 12843, MALE,
Rogelio, 23305, MALE,
Theodore, 223498, MALE,
Bode, 1079, MALE,
Ewing, 68, MALE,
Connie, 6136, MALE,
Colby, 48438, MALE,
Merrill, 11617, MALE,
Marco, 66836, MALE,
Skyler, 36447, MALE,
Moshe, 10999, MALE,
Alferd, 11, MALE,
Buell, 19, MALE,
Addie, 101, MALE,
Ishaan, 2041, MALE,
Kirk, 65082, MALE,
Chance, 43451, MALE,
Marion, 67638, MALE,
Pleas, 71, MALE,
Niles, 257, MALE,
Russel, 14838, MALE,
Osborne, 124, MALE,
Hillary, 9, MALE,
Jensen, 4064, MALE,
Rodrick, 6555, MALE,
Jayvion, 1261, MALE,
Ceasar, 8, MALE,
Kyron, 494, MALE,
Kurt, 83235, MALE,
Merlin, 12541, MALE,
Xavi, 990, MALE,
Vester, 1530, MALE,
Rahsaan, 635, MALE,
Beulah, 6, MALE,
Castiel, 736, MALE,
Henery, 667, MALE,
Edmon, 24, MALE,
Oren, 4233, MALE,
Jorge, 125734, MALE,
Ada, 46, MALE,
Unnamed, 120, MALE,
Montgomery, 507, MALE,
Camille, 58, MALE,
Edison, 4978, MALE,
Shade, 13, MALE,
Stevan, 1356, MALE,
Dash, 531, MALE,
Chace, 2463, MALE,
Handy, 10, MALE,
Bert, 29762, MALE,
Beatrice, 80, MALE,
Salvador, 45738, MALE,
Fredric, 7040, MALE,
Orris, 26, MALE,
Nikhil, 2603, MALE,
Chaim, 7310, MALE,
Regan, 607, MALE,
Johnathan, 90133, MALE,
Gust, 529, MALE,
Jerad, 2678, MALE,
Gaylord, 5273, MALE,
Callum, 2204, MALE,
Garry, 45505, MALE,
Doyle, 29001, MALE,
Edith, 113, MALE,
Burnell, 1234, MALE,
Lindell, 637, MALE,
Mcarthur, 1040, MALE,
Luciano, 6017, MALE,
Erby, 8, MALE,
Greyson, 20269, MALE,
Brant, 6962, MALE,
Keith, 433258, MALE,
Alex, 262998, MALE,
Orion, 10381, MALE,
Seymour, 12205, MALE,
Leonel, 15967, MALE,
Deion, 2749, MALE,
Miner, 14, MALE,
Conley, 684, MALE,
Brandon, 745520, MALE,
Kelan, 201, MALE,
Kameron, 28016, MALE,
Asa, 13393, MALE,
Wilfred, 27371, MALE,
Arian, 1795, MALE,
Mitch, 3206, MALE,
West, 276, MALE,
Milton, 113785, MALE,
Eleanor, 9, MALE,
Hosea, 2041, MALE,
Fletcher, 10140, MALE,
Kirby, 12741, MALE,
Monte, 19190, MALE,
Jadon, 8479, MALE,
Jan, 19295, MALE,
Amin, 87, MALE,
Levon, 677, MALE,
Vera, 8, MALE,
Armando, 70823, MALE,
Rolland, 8304, MALE,
Lincoln, 40991, MALE,
Hebert, 7, MALE,
Eliga, 51, MALE,
Burr, 45, MALE,
Hal, 15019, MALE,
Adrian, 218421, MALE,
Kavon, 321, MALE,
Tyrek, 662, MALE,
Ott, 6, MALE,
Dwaine, 3008, MALE,
Tre, 4042, MALE,
Terrance, 67479, MALE,
Kendal, 776, MALE,
Victor, 309298, MALE,
Schuyler, 1023, MALE,
Othel, 11, MALE,
Charls, 6, MALE,
Braylen, 7136, MALE,
Bedford, 26, MALE,
Mortimer, 1227, MALE,
Jaylon, 8117, MALE,
Kerry, 47953, MALE,
Damari, 1727, MALE,
Harm, 9, MALE,
Pablo, 42433, MALE,
Parker, 90254, MALE,
Wilbert, 37862, MALE,
Amerigo, 13, MALE,
Earlie, 893, MALE,
Hymen, 27, MALE,
Marley, 1572, MALE,
Eli, 100663, MALE,
Santiago, 48881, MALE,
Darcy, 868, MALE,
Burton, 20645, MALE,
Vince, 7548, MALE,
Pascal, 21, MALE,
Lisa, 1868, MALE,
Estel, 1600, MALE,
Valentine, 3941, MALE,
Harlen, 630, MALE,
Yosef, 4310, MALE,
Markel, 1121, MALE,
Declan, 24031, MALE,
Grey, 671, MALE,
Cheyenne, 190, MALE,
Brenden, 23865, MALE,
Linden, 146, MALE,
Omar, 91474, MALE,
Rutherford, 23, MALE,
Graeme, 397, MALE,
Alford, 3618, MALE,
Kanye, 709, MALE,
Dorothy, 3132, MALE,
Samantha, 120, MALE,
Koby, 2594, MALE,
Justen, 2266, MALE,
Boyd, 24535, MALE,
Park, 122, MALE,
Long, 298, MALE,
Parley, 7, MALE,
Ethel, 446, MALE,
Oscar, 188537, MALE,
Stan, 7080, MALE,
Adams, 7, MALE,
Hakim, 90, MALE,
Julien, 7966, MALE,
Olie, 28, MALE,
Arlen, 4400, MALE,
Laquan, 624, MALE,
Gregory, 704936, MALE,
Mariano, 3707, MALE,
Cyrus, 19081, MALE,
Rickey, 59244, MALE,
Burnett, 40, MALE,
Gale, 11631, MALE,
Donat, 6, MALE,
Clara, 199, MALE,
Fulton, 150, MALE,
Efrain, 16249, MALE,
Avon, 6, MALE,
Chin, 11, MALE,
Guy, 85293, MALE,
Rudolf, 1028, MALE,
Lindbergh, 187, MALE,
Gerald, 446418, MALE,
Hoke, 66, MALE,
Wheeler, 98, MALE,
Carmen, 14548, MALE,
Roy, 396651, MALE,
Esteban, 27622, MALE,
Jevon, 2140, MALE,
Sammy, 41012, MALE,
Trent, 48538, MALE,
Woodson, 16, MALE,
Leona, 20, MALE,
Erling, 251, MALE,
Elwood, 18925, MALE,
Yael, 1596, MALE,
Karim, 360, MALE,
Jamari, 9528, MALE,
Prentice, 338, MALE,
Courtland, 123, MALE,
Rayshawn, 461, MALE,
Linwood, 11483, MALE,
Ayan, 207, MALE,
Adelbert, 1200, MALE,
Samuel, 719686, MALE,
Foy, 849, MALE,
Gaylon, 2034, MALE,
Brooks, 21553, MALE,
Rosevelt, 2453, MALE,
Armani, 7839, MALE,
Dedrick, 1623, MALE,
Landen, 21116, MALE,
Alphonsus, 31, MALE,
Alba, 7, MALE,
Atlas, 1298, MALE,
Reginald, 109203, MALE,
Jeramiah, 2179, MALE,
Clark, 42344, MALE,
Noah, 336604, MALE,
Payton, 21551, MALE,
Mel, 2329, MALE,
Kent, 66279, MALE,
Jovanny, 1820, MALE,
Iver, 30, MALE,
Johnson, 2306, MALE,
Noel, 44433, MALE,
Buster, 6733, MALE,
Horacio, 75, MALE,
Cornelius, 33432, MALE,
Spenser, 1930, MALE,
Joesph, 13509, MALE,
Damarcus, 125, MALE,
Ashby, 34, MALE,
Arturo, 52255, MALE,
Vernell, 705, MALE,
Eben, 26, MALE,
Viola, 18, MALE,
Scott, 769400, MALE,
Ephraim, 840, MALE,
Virgle, 1301, MALE,
Semaj, 4225, MALE,
Claire, 1367, MALE,
Karl, 97958, MALE,
Corbett, 101, MALE,
Ervin, 35457, MALE,
Babe, 6, MALE,
Lonnie, 90945, MALE,
Raynard, 830, MALE,
Christina, 477, MALE,
Bob, 91304, MALE,
Marcellus, 2248, MALE,
Brendan, 87355, MALE,
Elsie, 197, MALE,
Jerrad, 194, MALE,
Harden, 81, MALE,
Randle, 895, MALE,
Fisher, 2648, MALE,
Jayvon, 590, MALE,
Rufus, 33329, MALE,
Jeffery, 227779, MALE,
Trinidad, 1933, MALE,
Erick, 66975, MALE,
Myrl, 60, MALE,
Jonael, 232, MALE,
Hector, 99235, MALE,
Rob, 7009, MALE,
Kelly, 79598, MALE,
Rhoda, 7, MALE,
Cain, 2305, MALE,
Abdul, 2483, MALE,
Shan, 132, MALE,
Kieth, 626, MALE,
Darryle, 462, MALE,
Marshall, 87659, MALE,
Leif, 3160, MALE,
Alger, 17, MALE,
Konnor, 3237, MALE,
Dempsey, 1121, MALE,
Sammie, 19130, MALE,
Isom, 241, MALE,
Ottis, 3300, MALE,
Leighton, 1247, MALE,
Dereck, 3015, MALE,
Glendon, 2640, MALE,
Shellie, 31, MALE,
Jake, 117607, MALE,
Demetri, 484, MALE,
Aryan, 4477, MALE,
Donavon, 932, MALE,
Alijah, 6950, MALE,
Clyde, 136593, MALE,
Collin, 72400, MALE,
Vergil, 622, MALE,
Mathews, 7, MALE,
Beckham, 3637, MALE,
Gail, 8291, MALE,
Louis, 384115, MALE,
Albion, 12, MALE,
Alice, 560, MALE,
Coolidge, 159, MALE,
Lenny, 4222, MALE,
Jaydin, 1861, MALE,
Andra, 1250, MALE,
Aric, 5588, MALE,
Ismael, 33109, MALE,
Josephine, 86, MALE,
Diane, 62, MALE,
Donovan, 53259, MALE,
Minnie, 175, MALE,
Steward, 16, MALE,
Doug, 21681, MALE,
Lonzo, 2093, MALE,
Waldo, 4005, MALE,
Dennie, 2192, MALE,
Tyrin, 138, MALE,
Hugo, 29607, MALE,
Irven, 24, MALE,
Aarav, 3363, MALE,
Will, 37653, MALE,
Solon, 17, MALE,
Kristin, 305, MALE,
Bruce, 380336, MALE,
Weaver, 29, MALE,
Keagan, 6405, MALE,
Lyman, 7066, MALE,
Osbaldo, 161, MALE,
Isiah, 21859, MALE,
Wilhelm, 8, MALE,
Darrion, 1977, MALE,
Michial, 110, MALE,
Jayceon, 5222, MALE,
William, 3986765, MALE,
Gerardo, 49093, MALE,
Ari, 11574, MALE,
Britton, 1477, MALE,
Tylor, 6402, MALE,
Shaun, 68433, MALE,
Jesse, 406062, MALE,
Garey, 270, MALE,
Harl, 6, MALE,
Amir, 24483, MALE,
Ardell, 949, MALE,
Delos, 83, MALE,
Leroy, 196207, MALE,
Metro, 48, MALE,
Kadin, 3763, MALE,
Jewel, 3825, MALE,
Alexander, 632917, MALE,
Ira, 47715, MALE,
Billy, 381763, MALE,
Kenny, 49725, MALE,
Lloyd, 156885, MALE,
Irl, 49, MALE,
Adron, 14, MALE,
Orvil, 1097, MALE,
Kenton, 7207, MALE,
Dwyane, 59, MALE,
Caroline, 5, MALE,
Essie, 184, MALE,
Yurem, 402, MALE,
Dallas, 57599, MALE,
Wilfrid, 432, MALE,
Tyrus, 64, MALE,
Deshaun, 3416, MALE,
Jaren, 2437, MALE,
Devin, 147567, MALE,
Ricki, 1131, MALE,
Napoleon, 5563, MALE,
Terell, 182, MALE,
Gladstone, 7, MALE,
Jade, 3744, MALE,
Nathanael, 17968, MALE,
Federico, 5087, MALE,
Arlington, 82, MALE,
Selmer, 140, MALE,
Kasey, 10165, MALE,
Jerry, 609933, MALE,
Syed, 1732, MALE,
Maxx, 624, MALE,
Reyes, 665, MALE,
Kolby, 9512, MALE,
Gerrit, 133, MALE,
Maggie, 35, MALE,
Murl, 734, MALE,
Esther, 97, MALE,
Stacey, 12399, MALE,
Sherwin, 681, MALE,
Rupert, 3796, MALE,
Estill, 47, MALE,
Birt, 19, MALE,
Lashawn, 816, MALE,
Patric, 224, MALE,
Codie, 1246, MALE,
Jerel, 1594, MALE,
Tyreese, 169, MALE,
Oneal, 1021, MALE,
Beverly, 3839, MALE,
Antoine, 24482, MALE,
Ethan, 385707, MALE,
Branson, 4175, MALE,
Felix, 64565, MALE,
Giovanny, 4606, MALE,
Alva, 9530, MALE,
Lathan, 417, MALE,
Carleton, 3394, MALE,
Rebecca, 70, MALE,
Carlo, 13190, MALE,
Tim, 80572, MALE,
Quinton, 27319, MALE,
Blaise, 3884, MALE,
Rickie, 14693, MALE,
Allyn, 927, MALE,
Seaborn, 15, MALE,
Ogden, 9, MALE,
Otto, 25193, MALE,
Johnie, 19466, MALE,
Kingston, 16887, MALE,
Charlton, 285, MALE,
Stewart, 29186, MALE,
Marquise, 8285, MALE,
Dandre, 5170, MALE,
Delwin, 43, MALE,
Sheldon, 34861, MALE,
Tristan, 101529, MALE,
Aleck, 5, MALE,
Kolton, 10666, MALE,
Burke, 115, MALE,
Josephus, 14, MALE,
Wilbur, 54379, MALE,
Santana, 927, MALE,
Pernell, 891, MALE,
Rose, 553, MALE,
Rolando, 22229, MALE,
Madden, 3740, MALE,
Alexzander, 4877, MALE,
Lula, 33, MALE,
Lenon, 7, MALE,
Nathaniel, 256305, MALE,
Edward, 1260751, MALE,
Deon, 12800, MALE,
Roel, 692, MALE,
Harvie, 296, MALE,
Reynolds, 14, MALE,
Ayden, 60413, MALE,
Lorenza, 1428, MALE,
Murry, 1725, MALE,
Alphonso, 13539, MALE,
Kaden, 54625, MALE,
Axel, 28546, MALE,
Riaan, 229, MALE,
Hattie, 84, MALE,
Julio, 58473, MALE,
Emory, 12609, MALE,
Jeffie, 6, MALE,
Enrico, 853, MALE,
Theodis, 119, MALE,
Hilliard, 460, MALE,
Enzo, 6788, MALE,
Homer, 57226, MALE,
Bodie, 427, MALE,
Karsen, 200, MALE,
Wesley, 204168, MALE,
Odie, 1034, MALE,
Constantine, 2040, MALE,
Isaak, 1524, MALE,
Magnus, 684, MALE,
Vincent, 329627, MALE,
Emmett, 44985, MALE,
Obie, 2592, MALE,
Akeem, 3845, MALE,
Leopoldo, 1444, MALE,
Corry, 324, MALE,
Galen, 14523, MALE,
Freddie, 70959, MALE,
Eusebio, 47, MALE,
Tommie, 32214, MALE,
Chase, 149521, MALE,
Rodolfo, 32119, MALE,
Daunte, 159, MALE,
Laurie, 65, MALE,
Lucille, 46, MALE,
Santos, 16139, MALE,
Orville, 33308, MALE,
Torey, 742, MALE,
Jacoby, 8416, MALE,
Lillian, 322, MALE,
Sherwood, 4444, MALE,
Roddy, 755, MALE,
Lindsay, 2989, MALE,
Lauren, 3839, MALE,
Walker, 19752, MALE,
Clearence, 257, MALE,
Sal, 1602, MALE,
Rae, 8, MALE,
Joy, 662, MALE,
Mace, 10, MALE,
Ares, 862, MALE,
Olin, 6431, MALE,
Alan, 341538, MALE,
Jasiah, 3303, MALE,
Estevan, 5622, MALE,
Lamont, 21310, MALE,
Fleming, 52, MALE,
Spurgeon, 149, MALE,
Nehemiah, 11272, MALE,
Edd, 4195, MALE,
Loney, 8, MALE,
Olaf, 784, MALE,
Jacques, 6240, MALE,
Yoshio, 622, MALE,
Nathan, 525945, MALE,
Meyer, 2951, MALE,
Hughie, 216, MALE,
Lamonte, 527, MALE,
Darrius, 5394, MALE,
Lamarcus, 252, MALE,
Marcello, 341, MALE,
Whit, 16, MALE,
Cletus, 6342, MALE,
Odin, 3074, MALE,
Randy, 326242, MALE,
Jabari, 6585, MALE,
Dimitri, 4651, MALE,
Slade, 886, MALE,
Ben, 78570, MALE,
Antone, 2765, MALE,
Leamon, 1275, MALE,
Olive, 13, MALE,
Donavan, 5614, MALE,
Rubin, 4741, MALE,
Lexie, 6, MALE,
Garold, 1729, MALE,
Asberry, 8, MALE,
Maury, 444, MALE,
Rodger, 20043, MALE,
Jared, 196989, MALE,
Ricardo, 136201, MALE,
Marshal, 348, MALE,
Lois, 1964, MALE,
Bertrand, 2405, MALE,
Urijah, 2587, MALE,
Elian, 4333, MALE,
Gearld, 3370, MALE,
Baylor, 498, MALE,
Allan, 93328, MALE,
Kymani, 2131, MALE,
Dejon, 242, MALE,
Stanford, 6213, MALE,
Nico, 8755, MALE,
Andreas, 5150, MALE,
Alfredo, 53157, MALE,
Collins, 243, MALE,
Zayn, 907, MALE,
Javier, 92500, MALE,
Hiram, 9932, MALE,
Nathanial, 8369, MALE,
Ewald, 341, MALE,
Clarke, 556, MALE,
Minoru, 192, MALE,
Akira, 54, MALE,
Clifton, 67249, MALE,
Danial, 6812, MALE,
Julious, 44, MALE,
Dewayne, 23782, MALE,
Jewell, 3406, MALE,
Archer, 5477, MALE,
Clifford, 183773, MALE,
Gustave, 3411, MALE,
Elisha, 10928, MALE,
Ola, 41, MALE,
Nancy, 1193, MALE,
Bobby, 312505, MALE,
Vaughn, 19421, MALE,
Orval, 7171, MALE,
Trevon, 12367, MALE,
Jonah, 55770, MALE,
Dylon, 3110, MALE,
Luc, 172, MALE,
Hasan, 83, MALE,
Zed, 7, MALE,
Esau, 25, MALE,
Mathias, 4424, MALE,
Tracey, 6640, MALE,
Hazel, 1863, MALE,
Virgel, 8, MALE,
Beckett, 9349, MALE,
Milburn, 1159, MALE,
Clive, 182, MALE,
Kendrick, 25422, MALE,
Milo, 15783, MALE,
Armond, 1227, MALE,
Santino, 4600, MALE,
Zack, 2741, MALE,
Alphons, 5, MALE,
Weldon, 12167, MALE,
Darian, 13973, MALE,
Garrison, 5161, MALE,
Meredith, 3196, MALE,
Hampton, 643, MALE,
Elzy, 13, MALE,
Al, 15400, MALE,
Callan, 1530, MALE,
Ferman, 6, MALE,
Darryll, 180, MALE,
Barnie, 21, MALE,
Thompson, 23, MALE,
Malakai, 5172, MALE,
Marcel, 16571, MALE,
Llewellyn, 1451, MALE,
Sigmund, 1622, MALE,
Halbert, 9, MALE,
Kathryn, 7, MALE,
Harper, 3249, MALE,
Granville, 4109, MALE,
Henry, 634014, MALE,
Nicolas, 81248, MALE,
Najee, 1314, MALE,
Hilton, 5105, MALE,
Jaron, 9722, MALE,
Ples, 24, MALE,
Fitzgerald, 183, MALE,
Matias, 4431, MALE,
Mack, 33896, MALE,
Macarthur, 202, MALE,
Deegan, 1320, MALE,
Sandra, 1135, MALE,
Garret, 10979, MALE,
Henderson, 1772, MALE,
Dwane, 1041, MALE,
Arley, 872, MALE,
Maximus, 19693, MALE,
Ozell, 42, MALE,
Yee, 21, MALE,
Vance, 24294, MALE,
Broderick, 6864, MALE,
Alston, 7, MALE,
Rolla, 221, MALE,
Newell, 2255, MALE,
Danniel, 50, MALE,
Tolbert, 16, MALE,
Brion, 570, MALE,
Dondre, 607, MALE,
Anna, 673, MALE,
Susie, 7, MALE,
Tyson, 39006, MALE,
Booker, 9430, MALE,
Benedict, 5276, MALE,
Ralph, 406995, MALE,
Erik, 149460, MALE,
Oddie, 7, MALE,
Jamal, 30400, MALE,
Halley, 12, MALE,
Clement, 11415, MALE,
Delphin, 13, MALE,
Kadyn, 1354, MALE,
Joyce, 1764, MALE,
Desean, 374, MALE,
Gary, 898988, MALE,
Lyn, 170, MALE,
Almus, 5, MALE,
Pauline, 30, MALE,
Francis, 280638, MALE,
Norris, 14525, MALE,
Jaycob, 1318, MALE,
Houston, 13335, MALE,
Ozie, 43, MALE,
Raven, 1007, MALE,
Elmo, 9010, MALE,
Chauncy, 6, MALE,
Ernesto, 41659, MALE,
Egbert, 80, MALE,
Davonta, 134, MALE,
Dexter, 31266, MALE,
Kermit, 15622, MALE,
Thomas, 2266614, MALE,
Reed, 28094, MALE,
Carlyle, 2124, MALE,
Israel, 56035, MALE,
Judah, 13468, MALE,
Cheryl, 60, MALE,
Kieran, 9383, MALE,
Aedan, 1527, MALE,
Octavio, 7730, MALE,
Ibrahim, 8812, MALE,
Darvin, 726, MALE,
Kamron, 4906, MALE,
Randall, 196572, MALE,
Gage, 53681, MALE,
Jaden, 68590, MALE,
Austen, 5445, MALE,
Kelvin, 48393, MALE,
Hale, 7, MALE,
Geary, 1305, MALE,
Dana, 51690, MALE,
Casimir, 3270, MALE,
Bill, 157854, MALE,
Clell, 36, MALE,
Jael, 201, MALE,
Waymon, 3410, MALE,
Deforest, 12, MALE,
Berkley, 5, MALE,
Tyree, 11793, MALE,
Shamar, 3253, MALE,
Boyce, 4190, MALE,
Arman, 145, MALE,
Hill, 18, MALE,
Tyrese, 7054, MALE,
Antony, 8182, MALE,
Kendell, 453, MALE,
Jordy, 2936, MALE,
Dixie, 7, MALE,
Jamaal, 6086, MALE,
Quincy, 22140, MALE,
Travis, 298704, MALE,
Tatsuo, 57, MALE,
Jovani, 4563, MALE,
Abe, 6439, MALE,
Shiloh, 243, MALE,
Vernon, 143061, MALE,
Stuart, 66821, MALE,
Marland, 56, MALE,
Robb, 2015, MALE,
Antonio, 240091, MALE,
Merle, 28961, MALE,
Gaetano, 1166, MALE,
Elroy, 6119, MALE,
Alvin, 156301, MALE,
Jagger, 3699, MALE,
Reinaldo, 1346, MALE,
Sedrick, 1142, MALE,
Jameson, 23366, MALE,
Normand, 4944, MALE,
Brodie, 6469, MALE,
Jeromy, 3855, MALE,
Dilan, 1240, MALE,
Ester, 43, MALE,
Arnulfo, 2522, MALE,
Corbin, 29358, MALE,
Elton, 18486, MALE,
Amos, 30388, MALE,
Bryce, 106747, MALE,
Roswell, 147, MALE,
Mike, 202991, MALE,
Rosa, 7, MALE,
Ivey, 90, MALE,
Therman, 49, MALE,
Herman, 130084, MALE,
Kordell, 433, MALE,
Tripp, 2785, MALE,
Trayvon, 485, MALE,
Anthony, 1412241, MALE,
Kody, 21015, MALE,
Jaydan, 914, MALE,
Annie, 736, MALE,
Godfrey, 846, MALE,
Pearlie, 40, MALE,
Lorin, 3059, MALE,
Alberto, 58813, MALE,
Arlan, 1344, MALE,
Kaiden, 28257, MALE,
Verlon, 138, MALE,
Lupe, 4783, MALE,
Ovid, 17, MALE,
Colter, 118, MALE,
Quint, 143, MALE,
Joaquin, 25090, MALE,
Cleon, 1102, MALE,
Bethel, 14, MALE,
Clayton, 126112, MALE,
Genaro, 3241, MALE,
Starling, 20, MALE,
Layton, 4893, MALE,
Calvin, 193408, MALE,
Amare, 4345, MALE,
Brien, 1521, MALE,
Edgar, 146132, MALE,
Thornton, 1189, MALE,
Tyrell, 13860, MALE,
Flynn, 1664, MALE,
Soren, 4078, MALE,
Jair, 3922, MALE,
Kenneth, 1268558, MALE,
Shad, 3121, MALE,
Milan, 4556, MALE,
Emmit, 1368, MALE,
Opal, 82, MALE,
Lance, 101691, MALE,
Tomas, 26918, MALE,
Dolores, 421, MALE,
Rowan, 13306, MALE,
Terrell, 34022, MALE,
Javonte, 1568, MALE,
Nicklaus, 963, MALE,
Frank, 877444, MALE,
Dustan, 171, MALE,
Verl, 1677, MALE,
Kennth, 675, MALE,
August, 36951, MALE,
Reynaldo, 18146, MALE,
Arthur, 508220, MALE,
Lizzie, 6, MALE,
Timmy, 23647, MALE,
Dashawn, 6749, MALE,
Shyheim, 168, MALE,
Dedric, 692, MALE,
Boss, 71, MALE,
Clide, 6, MALE,
Harvy, 22, MALE,
Camryn, 2039, MALE,
Charlie, 157394, MALE,
Alessandro, 5499, MALE,
Lucas, 212543, MALE,
Cristopher, 9962, MALE,
Franz, 127, MALE,
Raleigh, 5441, MALE,
Pranav, 2113, MALE,
Leonard, 287945, MALE,
Marlon, 27770, MALE,
Christion, 139, MALE,
Aaron, 559933, MALE,
Council, 7, MALE,
Ferrell, 180, MALE,
Carter, 128921, MALE,
Landon, 136730, MALE,
Emilio, 35995, MALE,
Harlie, 13, MALE,
Brandy, 613, MALE,
Waylon, 14455, MALE,
Thad, 6241, MALE,
Tallie, 10, MALE,
Kamari, 4754, MALE,
Valentino, 2745, MALE,
Kyrie, 2255, MALE,
Joshua, 1184257, MALE,
Sanford, 13662, MALE,
Noe, 19305, MALE,
Shaquan, 837, MALE,
Gael, 16860, MALE,
Bruno, 12944, MALE,
Dario, 6751, MALE,
Dudley, 10444, MALE,
Ole, 363, MALE,
Roger, 438021, MALE,
Maxton, 1293, MALE,
Adriel, 6740, MALE,
Lucy, 31, MALE,
Stone, 3110, MALE,
Gerold, 1590, MALE,
Lora, 9, MALE,
Liam, 154946, MALE,
Cedric, 39351, MALE,
Nickolas, 37384, MALE,
Kem, 65, MALE,
Yair, 2309, MALE,
Squire, 26, MALE,
Nicky, 5770, MALE,
Jose, 549757, MALE,
Alec, 49950, MALE,
Neal, 52057, MALE,
Gabe, 57, MALE,
Vihaan, 1911, MALE,
Torrey, 3368, MALE,
Killian, 4057, MALE,
Brantley, 13773, MALE,
Gerhardt, 45, MALE,
Murphy, 2982, MALE,
Mat, 66, MALE,
Arch, 682, MALE,
Winifred, 47, MALE,
Ronan, 7435, MALE,
Titan, 1122, MALE,
Maximiliano, 10010, MALE,
Dalton, 78039, MALE,
Elden, 3919, MALE,
Einar, 382, MALE,
Lindy, 607, MALE,
Tyrique, 580, MALE,
Mae, 62, MALE,
Gottlieb, 32, MALE,
Xzavier, 5475, MALE,
Shawn, 299935, MALE,
Dakotah, 1357, MALE,
Darin, 30935, MALE,
Kyle, 473776, MALE,
Ivan, 123806, MALE,
Aditya, 3192, MALE,
Neil, 101068, MALE,
Wendel, 45, MALE,
Paris, 5507, MALE,
Jayme, 1550, MALE,
Duke, 3193, MALE,
Joshuah, 194, MALE,
Kylan, 4711, MALE,
Elvin, 17314, MALE,
Hollie, 92, MALE,
Archie, 46030, MALE,
Myron, 42130, MALE,
Wilburn, 9299, MALE,
Ann, 12, MALE,
Ezzard, 202, MALE,
Austin, 396565, MALE,
Anwar, 687, MALE,
Holden, 18046, MALE,
Stefan, 17843, MALE,
Brandyn, 2884, MALE,
Marian, 52, MALE,
Rexford, 417, MALE,
Silvester, 12, MALE,
Iker, 8263, MALE,
Watson, 1390, MALE,
Nolen, 7, MALE,
Yadiel, 1312, MALE,
Kenya, 929, MALE,
Michel, 7969, MALE,
Marcos, 46201, MALE,
Raquan, 157, MALE,
Davonte, 2551, MALE,
Wess, 7, MALE,
Auther, 1161, MALE,
Seth, 157960, MALE,
Brennon, 1066, MALE,
Yusuf, 4111, MALE,
Less, 23, MALE,
Jacob, 887866, MALE,
Turner, 4703, MALE,
Kashton, 220, MALE,
Newt, 75, MALE,
Kane, 9104, MALE,
Quintin, 13115, MALE,
Lenard, 8408, MALE,
Patsy, 6961, MALE,
Brice, 13347, MALE,
Olen, 5635, MALE,
Jax, 9810, MALE,
Brannon, 2273, MALE,
Algot, 5, MALE,
Iva, 16, MALE,
Herbert, 221936, MALE,
Romie, 80, MALE,
Edgardo, 3390, MALE,
Ernest, 293676, MALE,
Ellery, 89, MALE,
Eugenio, 444, MALE,
Talan, 2743, MALE,
Harding, 618, MALE,
Thurman, 14796, MALE,
Shelly, 116, MALE,
Saverio, 32, MALE,
Winton, 462, MALE,
Axl, 576, MALE,
Laverne, 12345, MALE,
Berry, 4367, MALE,
Loy, 3052, MALE,
Mauro, 68, MALE,
Lavon, 597, MALE,
Verlyn, 336, MALE,
Fayette, 13, MALE,
Wardell, 2648, MALE,
Triston, 9905, MALE,
Izayah, 1826, MALE,
Reagan, 4156, MALE,
Fern, 26, MALE,
Bascom, 64, MALE,
London, 5713, MALE,
Stacy, 20139, MALE,
Felton, 5207, MALE,
Elza, 1081, MALE,
Rayford, 4456, MALE,
Taurean, 972, MALE,
Rashaad, 600, MALE,
Porter, 12146, MALE,
Hunter, 213782, MALE,
Gifford, 42, MALE,
Gonzalo, 7600, MALE,
Morton, 11214, MALE,
Lemuel, 6553, MALE,
Leon, 160691, MALE,
Terrence, 70315, MALE,
Donnie, 57772, MALE,
Gene, 124431, MALE,
Hyman, 5040, MALE,
Zaid, 1880, MALE,
Grafton, 7, MALE,
Norbert, 19099, MALE,
Karen, 1291, MALE,
Dontae, 3242, MALE,
Alma, 513, MALE,
Bernard, 195815, MALE,
Dannie, 7065, MALE,
Leopold, 996, MALE,
Gilberto, 26631, MALE,
Rowen, 1585, MALE,
Beau, 29777, MALE,
Jonas, 21871, MALE,
Wilford, 9185, MALE,
Byrd, 46, MALE,
Pershing, 451, MALE,
Ean, 3638, MALE,
Roberto, 106062, MALE,
Maximo, 3048, MALE,
Lum, 77, MALE,
Amari, 13626, MALE,
Davy, 405, MALE,
Fay, 3432, MALE,
Ahmed, 11997, MALE,
Barton, 7968, MALE,
Augustine, 8639, MALE,
Orange, 51, MALE,
Kelby, 1136, MALE,
Isham, 51, MALE,
Zain, 3993, MALE,
Emerson, 19319, MALE,
Telly, 913, MALE,
Shelby, 14850, MALE,
Jackie, 76531, MALE,
Khalid, 2457, MALE,
Washington, 729, MALE,
Robbie, 18336, MALE,
Robert, 4778993, MALE,
Woodrow, 36721, MALE,
Armstead, 20, MALE,
Rafael, 74717, MALE,
Bynum, 6, MALE,
Heyward, 56, MALE,
Cal, 575, MALE,
Adrien, 4402, MALE,
Bart, 14967, MALE,
Cordero, 891, MALE,
Claud, 9317, MALE,
Conard, 6, MALE,
Arthor, 6, MALE,
Dickie, 3684, MALE,
Daquan, 6006, MALE,
Lucious, 2902, MALE,
True, 7, MALE,
Aidan, 103649, MALE,
Laddie, 47, MALE,
Regis, 3315, MALE,
Champ, 40, MALE,
Rusty, 16010, MALE,
Ellen, 6, MALE,
Nolan, 82976, MALE,
Bridger, 1985, MALE,
Maksim, 204, MALE,
Welton, 631, MALE,
Armin, 151, MALE,
Mohammad, 12065, MALE,
Rayburn, 867, MALE,
Andrea, 4070, MALE,
Marc, 137791, MALE,
Talon, 9071, MALE,
Orin, 2646, MALE,
Jajuan, 132, MALE,
Hamp, 143, MALE,
Hilario, 224, MALE,
Cam, 7, MALE,
Harland, 3912, MALE,
Erin, 7170, MALE,
Rico, 5867, MALE,
Brent, 137858, MALE,
Arvid, 2278, MALE,
Jason, 1019432, MALE,
Arnav, 2558, MALE,
Donna, 833, MALE,
Love, 47, MALE,
Memphis, 3421, MALE,
Jackson, 206777, MALE,
Clinton, 95192, MALE,
Joseluis, 95, MALE,
Duwayne, 2372, MALE,
Vernie, 1437, MALE,
Doc, 162, MALE,
Donato, 130, MALE,
Leland, 50241, MALE,
Banks, 5, MALE,
Keven, 7227, MALE,
Murray, 19791, MALE,
Dayton, 11703, MALE,
Melissa, 1638, MALE,
Maximillian, 2742, MALE,
Margarito, 2146, MALE,
Willaim, 7, MALE,
Brett, 156548, MALE,
Mackenzie, 6013, MALE,
Nunzio, 733, MALE,
Tyreke, 220, MALE,
Mitchel, 11545, MALE,
Kip, 6159, MALE,
Armand, 12640, MALE,
Manley, 767, MALE,
Cesar, 68613, MALE,
Albert, 471806, MALE,
Lydell, 158, MALE,
Reece, 14107, MALE,
Mohamed, 13017, MALE,
Elvie, 16, MALE,
Melbourne, 26, MALE,
Caleb, 259576, MALE,
Morris, 67046, MALE,
Roderic, 182, MALE,
Wayne, 351098, MALE,
Irvine, 16, MALE,
Manuel, 179750, MALE,
Jaquan, 8485, MALE,
Braiden, 5894, MALE,
Marquis, 22071, MALE,
Dolph, 6, MALE,
Maison, 966, MALE,
Miguel, 169657, MALE,
Kareem, 14197, MALE,
Braxton, 37086, MALE,
Milford, 7282, MALE,
Landyn, 7433, MALE,
Justyn, 2086, MALE,
Hurbert, 13, MALE,
Ali, 22964, MALE,
Terence, 31430, MALE,
Shea, 5732, MALE,
Hardin, 130, MALE,
Karter, 9297, MALE,
Samie, 9, MALE,
Kerwin, 427, MALE,
Devante, 6547, MALE,
Mikeal, 60, MALE,
Dino, 5806, MALE,
Cristofer, 1747, MALE,
Malaki, 2288, MALE,
Rosario, 2507, MALE,
Dewitt, 5672, MALE,
Geoffrey, 52111, MALE,
Niko, 5348, MALE,
Dwain, 6136, MALE,
Dimitrios, 73, MALE,
Pasquale, 8370, MALE,
Sie, 6, MALE,
Carl, 496612, MALE,
Abb, 11, MALE,
Gil, 2050, MALE,
Job, 6, MALE,
Darnell, 26408, MALE,
Myer, 283, MALE,
Antione, 2797, MALE,
Keenan, 15810, MALE,
Dillard, 2529, MALE,
Jeb, 167, MALE,
Jaylin, 8596, MALE,
Brenda, 256, MALE,
Bradley, 300383, MALE,
Kelsey, 3415, MALE,
Gaston, 1440, MALE,
Kwame, 1201, MALE,
Ryker, 14985, MALE,
Dock, 3772, MALE,
Nixon, 2050, MALE,
Rodney, 244521, MALE,
Waldemar, 277, MALE,
Coy, 12988, MALE,
Eula, 15, MALE,
Jarod, 10720, MALE,
Lyric, 2208, MALE,
Jadiel, 2638, MALE,
Travon, 4756, MALE,
Demetrius, 33085, MALE,
Antonia, 1116, MALE,
Mansfield, 19, MALE,
Ellison, 29, MALE,
Keyon, 2864, MALE,
Davante, 289, MALE,
Bryant, 48531, MALE,
Jerold, 6002, MALE,
Wilder, 214, MALE,
Nery, 222, MALE,
Jimmy, 284978, MALE,
Emmons, 6, MALE,
Diego, 96298, MALE,
Roosevelt, 35937, MALE,
Myrtle, 85, MALE,
Diallo, 76, MALE,
Keegan, 31046, MALE,
Simon, 54880, MALE,
Mikel, 8581, MALE,
Nikolai, 3400, MALE,
Aldo, 14048, MALE,
Arsenio, 709, MALE,
Nikko, 667, MALE,
Kenji, 212, MALE,
Haywood, 5166, MALE,
Crew, 1530, MALE,
Cory, 124638, MALE,
Illya, 133, MALE,
Barry, 178049, MALE,
Nigel, 9828, MALE,
Delvin, 806, MALE,
Brandt, 1213, MALE,
Khalil, 14414, MALE,
Hjalmer, 14, MALE,
Alejandro, 126845, MALE,
Kellan, 5484, MALE,
Jaret, 724, MALE,
Derl, 58, MALE,
Huston, 571, MALE,
Blas, 12, MALE,
Audy, 6, MALE,
Levi, 122122, MALE,
Samson, 5341, MALE,
Theadore, 2848, MALE,
Lukas, 27999, MALE,
Harmon, 4796, MALE,
Ellie, 136, MALE,
Casen, 2217, MALE,
Cato, 8, MALE,
Steven, 1275725, MALE,
Landry, 1697, MALE,
Hester, 15, MALE,
Trumaine, 86, MALE,
Buford, 9821, MALE,
Delmas, 745, MALE,
Marlyn, 1160, MALE,
Roman, 56345, MALE,
Jesus, 219725, MALE,
Phil, 18465, MALE,
Paulo, 392, MALE,
Aiden, 171105, MALE,
Ollie, 13560, MALE,
Jessica, 2581, MALE,
Raymond, 766137, MALE,
French, 80, MALE,
Demetric, 76, MALE,
Irvin, 37438, MALE,
Corey, 179509, MALE,
Scot, 12473, MALE,
Jay, 186092, MALE,
Webster, 2492, MALE,
Cynthia, 513, MALE,
Xander, 20276, MALE,
Rishi, 777, MALE,
Taurus, 602, MALE,
Octave, 28, MALE,
Clemmie, 7, MALE,
Douglass, 3832, MALE,
Collie, 93, MALE,
Leigh, 3011, MALE,
Ricci, 94, MALE,
Urban, 1673, MALE,
Caesar, 395, MALE,
Tom, 133102, MALE,
Jasen, 2337, MALE,
Durell, 331, MALE,
Branden, 26195, MALE,
Tavion, 342, MALE,
Tanner, 87451, MALE,
Dessie, 6, MALE,
Essex, 8, MALE,
Ashley, 13504, MALE,
Kyree, 1853, MALE,
Brittany, 428, MALE,
Auston, 972, MALE,
Arnoldo, 616, MALE,
Toriano, 292, MALE,
Bjorn, 162, MALE,
Kelton, 2782, MALE,
Infant, 3298, MALE,
Alden, 12347, MALE,
Knox, 5922, MALE,
Chadwick, 11222, MALE,
Buck, 3702, MALE,
Woodroe, 353, MALE,
Gannon, 2594, MALE,
Lyndon, 4239, MALE,
Rachel, 189, MALE,
Osie, 42, MALE,
Mason, 241788, MALE,
Camden, 35163, MALE,
Yoel, 316, MALE,
Kenney, 442, MALE,
Ellis, 38472, MALE,
Damion, 15224, MALE,
Avery, 49084, MALE,
Darrien, 847, MALE,
Lorenzo, 59589, MALE,
Azariah, 886, MALE,
Braedon, 2536, MALE,
Treyvon, 1143, MALE,
Johathan, 815, MALE,
Domenic, 7554, MALE,
Debra, 546, MALE,
Willis, 48544, MALE,
Darrin, 27933, MALE,
Michal, 509, MALE,
Jettie, 7, MALE,
Nakia, 1235, MALE,
Jeramie, 2440, MALE,
Carmel, 49, MALE,
Artis, 3518, MALE,
Lucky, 48, MALE,
Fredrick, 61477, MALE,
Dusty, 8521, MALE,
Emma, 209, MALE,
Delbert, 45081, MALE,
Ezra, 35530, MALE,
Darien, 8078, MALE,
Bobbie, 17220, MALE,
Kason, 6515, MALE,
Matthias, 3998, MALE,
Elder, 82, MALE,
Humberto, 14647, MALE,
Burdette, 753, MALE,
Betty, 2714, MALE,
Mayo, 57, MALE,
Jeremy, 429605, MALE,
Tina, 57, MALE,
Rory, 24022, MALE,
Kiley, 151, MALE,
Kenyatta, 1533, MALE,
Efrem, 392, MALE,
Tye, 365, MALE,
Devon, 67799, MALE,
Rigoberto, 8973, MALE,
Jayson, 29914, MALE,
Stanislaus, 116, MALE,
Nello, 131, MALE,
Bradyn, 3192, MALE,
Keon, 6743, MALE,
Arno, 249, MALE,
Tal, 86, MALE,
Jeremie, 2797, MALE,
Alf, 181, MALE,
Jaxton, 3438, MALE,
Sharon, 1118, MALE,
Micah, 82034, MALE,
Levar, 1047, MALE,
Ariel, 15980, MALE,
Jaxson, 30912, MALE,
Kennith, 8602, MALE,
Neymar, 1508, MALE,
Johan, 7922, MALE,
Enos, 935, MALE,
Misael, 6511, MALE,
Brock, 38750, MALE,
Koda, 181, MALE,
Jakobe, 1846, MALE,
Edmund, 47327, MALE,
Ramsey, 1454, MALE,
Jaime, 65691, MALE,
Garnett, 2503, MALE,
Jerrell, 3537, MALE,
Stephan, 24259, MALE,
Brantlee, 807, MALE,
Moody, 34, MALE,
Trinity, 697, MALE,
Justin, 766240, MALE,
Sonny, 15562, MALE,
Ottie, 14, MALE,
Sean, 413108, MALE,
Aidyn, 2561, MALE,
Kamdyn, 964, MALE,
Mychal, 675, MALE,
Derwin, 1787, MALE,
Dann, 259, MALE,
Hazen, 33, MALE,
Alexandro, 3676, MALE,
Allison, 1461, MALE,
Huxley, 214, MALE,
Mordechai, 369, MALE,
Arther, 4053, MALE,
Tayler, 937, MALE,
Judd, 1751, MALE,
Aarush, 438, MALE,
Louise, 911, MALE,
Alvis, 3799, MALE,
Courtney, 19748, MALE,
Mikhail, 217, MALE,
Andre, 118439, MALE,
Kimberly, 2999, MALE,
Christoper, 1404, MALE,
Arnie, 118, MALE,
Eber, 16, MALE,
Ernst, 486, MALE,
Dustin, 202761, MALE,
Walter, 600025, MALE,
Woody, 2124, MALE,
Messiah, 6646, MALE,
Augustus, 13075, MALE,
Guilford, 8, MALE,
Cora, 48, MALE,
Finley, 5181, MALE,
Draven, 5665, MALE,
Jerrel, 85, MALE,
Alfonso, 39000, MALE,
Dijon, 132, MALE,
Buddie, 314, MALE,
Claudius, 14, MALE,
Jennie, 49, MALE,
Elizabeth, 2371, MALE,
Robbin, 815, MALE,
Cairo, 220, MALE,
Thor, 401, MALE,
Lucien, 4183, MALE,
Darius, 48477, MALE,
Demonte, 253, MALE,
Issac, 20088, MALE,
Fernando, 92883, MALE,
Clem, 3056, MALE,
Kenyon, 4395, MALE,
Christopher, 2003915, MALE,
Delmus, 9, MALE,
Kai, 28769, MALE,
Perley, 91, MALE,
Alvie, 2975, MALE,
Christy, 7, MALE,
Frederic, 12148, MALE,
Early, 2731, MALE,
Young, 55, MALE,
Jalen, 35042, MALE,
Orlando, 45903, MALE,
Geno, 35, MALE,
Emmet, 2270, MALE,
Boone, 220, MALE,
Cary, 22827, MALE,
Storm, 1010, MALE,
Justice, 14741, MALE,
Angelo, 75207, MALE,
Norval, 1589, MALE,
Damond, 535, MALE,
Ora, 4054, MALE,
Garrett, 127410, MALE,
Lucio, 210, MALE,
Crawford, 2099, MALE,
Ignacio, 17053, MALE,
Kaleb, 70192, MALE,
Buren, 6, MALE,
Severt, 7, MALE,
Amarion, 1714, MALE,
Blanche, 52, MALE,
Gertrude, 149, MALE,
Goldie, 47, MALE,
Arlie, 5368, MALE,
Arlis, 216, MALE,
Hideo, 162, MALE,
Santo, 2304, MALE,
Cephus, 22, MALE,
Maceo, 33, MALE,
Garnet, 487, MALE,
Westin, 2035, MALE,
John, 5005724, MALE,
Barrie, 344, MALE,
Montel, 572, MALE,
Malcolm, 59445, MALE,
Columbus, 5953, MALE,
Linda, 3049, MALE,
Alto, 35, MALE,
Bolden, 6, MALE,
Acy, 6, MALE,
Wilber, 4220, MALE,
Del, 2791, MALE,
Nellie, 84, MALE,
Jencarlos, 217, MALE,
Furman, 1117, MALE,
Montrell, 597, MALE,
Kasen, 4492, MALE,
Kale, 4980, MALE,
Adan, 23772, MALE,
Ramiro, 23545, MALE,
Kadeem, 1714, MALE,
Jule, 94, MALE,
Cannon, 4886, MALE,
Effie, 53, MALE,
Andon, 203, MALE,
Martell, 873, MALE,
Desmond, 29834, MALE,
Jayce, 19407, MALE,
Alpheus, 27, MALE,
Carey, 15581, MALE,
Rueben, 903, MALE,
Tyrel, 1756, MALE,
Brady, 83748, MALE,
Verne, 5061, MALE,
Fred, 325393, MALE,
Norberto, 1108, MALE,
Helmer, 136, MALE,
Anderson, 22597, MALE,
Evertt, 21, MALE,
Todd, 280326, MALE,
Ford, 2595, MALE,
Charles, 2324965, MALE,
Roma, 14, MALE,
Marlin, 18046, MALE,
Esco, 7, MALE,
Agnes, 107, MALE,
Braydon, 11677, MALE,
Reinhold, 610, MALE,
Justus, 5686, MALE,
Mayson, 1732, MALE,
Zaiden, 4869, MALE,
Domonique, 410, MALE,
Zeke, 1389, MALE,
Worth, 742, MALE,
Benjaman, 94, MALE,
Davie, 473, MALE,
Jens, 20, MALE,
Lary, 343, MALE,
Audley, 32, MALE,
Ocie, 970, MALE,
Gordon, 151073, MALE,
Bo, 8395, MALE,
Kathleen, 56, MALE,
Maurice, 132340, MALE,
Maxim, 4154, MALE,
Jamel, 9271, MALE,
Aubrey, 27752, MALE,
Posey, 7, MALE,
Alta, 14, MALE,
Daxton, 3460, MALE,
Darion, 4895, MALE,
Burney, 16, MALE,
Arron, 5630, MALE,
Alonso, 7687, MALE,
Dabney, 6, MALE,
Jules, 5240, MALE,
Okey, 164, MALE,
Peyton, 43360, MALE,
Rollin, 4076, MALE,
Frazier, 74, MALE,
Marcus, 224345, MALE,
Chevy, 445, MALE,
Lisle, 9, MALE,
Tandy, 10, MALE,
Lorne, 1695, MALE,
Maddox, 23779, MALE,
Hernan, 1880, MALE,
Jonnie, 1498, MALE,
Judy, 323, MALE,
Gorge, 9, MALE,
Davin, 9230, MALE,
Dyllan, 757, MALE,
Kunta, 215, MALE,
Darryl, 90349, MALE,
Demarco, 3043, MALE,
Holmes, 7, MALE,
Henri, 22, MALE,
Schley, 10, MALE,
Zavier, 3590, MALE,
Glenn, 245319, MALE,
Daryn, 289, MALE,
Arvin, 1910, MALE,
Olof, 7, MALE,
Pinkney, 47, MALE,
Stonewall, 17, MALE,
Son, 224, MALE,
Darell, 1914, MALE,
Yahir, 9461, MALE,
Blane, 1134, MALE,
Forest, 11946, MALE,
Torrance, 1206, MALE,
Mykel, 139, MALE,
Drake, 30225, MALE,
Miguelangel, 140, MALE,
Fannie, 23, MALE,
Jameel, 635, MALE,
Bertie, 133, MALE,
Powell, 6, MALE,
Rian, 256, MALE,
Flora, 8, MALE,
Vito, 11777, MALE,
Authur, 180, MALE,
Soloman, 17, MALE,
Izaiah, 9373, MALE,
Judge, 1576, MALE,
Rudy, 47238, MALE,
Eunice, 111, MALE,
Lillie, 115, MALE,
Maxwell, 83134, MALE,
Oswald, 1986, MALE,
Jefferson, 20543, MALE,
Amado, 44, MALE,
Shon, 2859, MALE,
Derrell, 3324, MALE,
Grant, 117379, MALE,
Jarett, 366, MALE,
Tillman, 1405, MALE,
Tyshawn, 2958, MALE,
Laurel, 562, MALE,
Tavaris, 80, MALE,
General, 2468, MALE,
Hezekiah, 3209, MALE,
Garvin, 61, MALE,
Ernie, 14694, MALE,
Bernhard, 222, MALE,
Leonce, 7, MALE,
Adolfo, 13850, MALE,
Ras, 16, MALE,
Eugene, 374524, MALE,
Jammie, 925, MALE,
Sheridan, 125, MALE,
Thatcher, 694, MALE,
Delma, 42, MALE,
Thiago, 2632, MALE,
Cleo, 9883, MALE,
Jamey, 5258, MALE,
Jaheem, 182, MALE,
Kristen, 139, MALE,
Rene, 48572, MALE,
Jaleel, 1931, MALE,
Davey, 595, MALE,
Caiden, 15010, MALE,
Truman, 11106, MALE,
Morgan, 40954, MALE,
Atticus, 6090, MALE,
Burnie, 25, MALE,
Freeman, 8468, MALE,
Hugh, 77991, MALE,
Aurthur, 5, MALE,
Jennifer, 3834, MALE,
Keion, 159, MALE,
Braeden, 12082, MALE,
Elam, 15, MALE,
Margaret, 2427, MALE,
Commodore, 17, MALE,
Erwin, 18363, MALE,
Larkin, 61, MALE,
Alvah, 358, MALE,
Dwayne, 74759, MALE,
Zachary, 522738, MALE,
Stanton, 4366, MALE,
Earley, 28, MALE,
Demetrios, 280, MALE,
Giuseppe, 1765, MALE,
Georgia, 16, MALE,
Adolph, 16545, MALE,
Benny, 45004, MALE,
Lazaro, 2001, MALE,
Geovanni, 421, MALE,
Geoff, 126, MALE,
Ace, 4739, MALE,
Durward, 1839, MALE,
Phillip, 304967, MALE,
Carlie, 44, MALE,
Kirt, 2438, MALE,
Patrick, 665465, MALE,
Cyril, 9355, MALE,
Sharif, 234, MALE,
Dante, 39894, MALE,
Terrill, 1943, MALE,
Javen, 928, MALE,
Colin, 119767, MALE,
Alton, 43754, MALE,
Rylen, 668, MALE,
Hoover, 665, MALE,
Linnie, 23, MALE,
Burleigh, 6, MALE,
Peter, 566532, MALE,
Kannon, 699, MALE,
Earnest, 55628, MALE,
Lou, 845, MALE,
Dionte, 1141, MALE,
Mildred, 749, MALE,
Rogers, 5831, MALE,
Mekhi, 9129, MALE,
Talen, 413, MALE,
Chaz, 8318, MALE,
Bilal, 286, MALE,
Joseph, 2555493, MALE,
Rylan, 23122, MALE,
Elijah, 253050, MALE,
Augustin, 29, MALE,
Linus, 525, MALE,
Addison, 9620, MALE,
Simmie, 15, MALE,
Sherrill, 794, MALE,
Juwan, 2574, MALE,
Lucian, 6993, MALE,
Willy, 7, MALE,
Tavon, 1120, MALE,
Renard, 233, MALE,
Norton, 1382, MALE,
Jerimy, 75, MALE,
Chet, 3465, MALE,
Willie, 442185, MALE,
Jovan, 7715, MALE,
Jefferey, 2445, MALE,
Gerry, 12663, MALE,
Ken, 29539, MALE,
Trey, 36026, MALE,
Verle, 765, MALE,
Asher, 35685, MALE,
Rondal, 267, MALE,
Lawrence, 452652, MALE,
Lane, 33790, MALE,
Lindsey, 6409, MALE,
Reese, 13349, MALE,
Kurtis, 15922, MALE,
Andy, 85955, MALE,
Nicholas, 883491, MALE,
Princeton, 2148, MALE,
Benjiman, 1613, MALE,
Burk, 6, MALE,
Garland, 22262, MALE,
Boston, 5024, MALE,
Omer, 5255, MALE,
Gerard, 55436, MALE,
Johnnie, 98903, MALE,
Benji, 346, MALE,
Rakeem, 849, MALE,
Eric, 868917, MALE,
Reuben, 28441, MALE,
Larue, 23, MALE,
Tate, 14481, MALE,
Fidencio, 51, MALE,
Rube, 100, MALE,
Bonnie, 3166, MALE,
Carnell, 1372, MALE,
Ruel, 100, MALE,
Maria, 1280, MALE,
Walt, 532, MALE,
Glynn, 3539, MALE,
Reynold, 3185, MALE,
Hershell, 176, MALE,
Hardie, 27, MALE,
Jarrod, 23771, MALE,
Samual, 85, MALE,
Sherman, 36750, MALE,
Williard, 182, MALE,
Saul, 37785, MALE,
Jayden, 180756, MALE,
Sawyer, 31630, MALE,
Grayson, 51674, MALE,
Little, 25, MALE,
Masao, 690, MALE,
Major, 11192, MALE,
Lemon, 139, MALE,
Eduardo, 99797, MALE,
Jionni, 242, MALE,
Matteo, 9427, MALE,
Page, 16, MALE,
Deangelo, 10302, MALE,
Derald, 619, MALE,
Percival, 53, MALE,
Howard, 339709, MALE,
Damon, 61678, MALE,
Jett, 10257, MALE,
Jadyn, 2462, MALE,
Charly, 6, MALE,
Jaheim, 2470, MALE,
Jaziel, 223, MALE,
Harrold, 10, MALE,
Brecken, 1325, MALE,
Mahlon, 2726, MALE,
Bertha, 207, MALE,
Elzie, 2764, MALE,
Newman, 310, MALE,
Bentley, 30661, MALE,
Alfie, 119, MALE,
Kristoffer, 2316, MALE,
Jean, 22644, MALE,
Bishop, 653, MALE,
Guthrie, 7, MALE,
Marvin, 248767, MALE,
Rocco, 24691, MALE,
Iverson, 6, MALE,
Zayden, 12075, MALE,
Monroe, 13126, MALE,
Berlin, 42, MALE,
Bessie, 156, MALE,
Doris, 2560, MALE,
Shelley, 50, MALE,
Baby, 5241, MALE,
Bailey, 17229, MALE,
Dillan, 5461, MALE,
Elex, 25, MALE,
Donn, 5512, MALE,
Axton, 1134, MALE,
Curt, 14818, MALE,
Emiliano, 16192, MALE,
Ellwood, 1154, MALE,
Sylvan, 1413, MALE,
Earl, 282271, MALE,
Frankie, 40064, MALE,
Joeseph, 9, MALE,
Vidal, 251, MALE,
Tod, 6318, MALE,
Denzell, 424, MALE,
Brennan, 29740, MALE,
Kyson, 2613, MALE,
Elie, 142, MALE,
Malachi, 38776, MALE,
Helen, 2386, MALE,
Gladys, 225, MALE,
Moises, 24111, MALE,
Dean, 169723, MALE,
Wally, 3409, MALE,
Mustafa, 1470, MALE,
Tracy, 59452, MALE,
Nels, 697, MALE,
Jacquez, 168, MALE,
Anson, 1325, MALE,
Tariq, 3120, MALE,
Raoul, 241, MALE,
Arnold, 101118, MALE,
Elliott, 39481, MALE,
Fredy, 317, MALE,
Zander, 16682, MALE,
Leo, 184735, MALE,
Esker, 9, MALE,
Braylon, 12668, MALE,
Mario, 141696, MALE,
Gussie, 86, MALE,
Verner, 900, MALE,
Buel, 79, MALE,
Isreal, 25, MALE,
Tyron, 5189, MALE,
Manning, 44, MALE,
Curtis, 256310, MALE,
Jethro, 36, MALE,
Keshaun, 331, MALE,
Fremont, 6, MALE,
Amanda, 1349, MALE,
Anibal, 252, MALE,
Camilo, 1310, MALE,
Rudolph, 50971, MALE,
Dillon, 59996, MALE,
Emery, 14159, MALE,
Kayden, 37615, MALE,
Heriberto, 7526, MALE,
Ansel, 294, MALE,
Jaylan, 3072, MALE,
Garth, 8390, MALE,
Lenord, 254, MALE,
Seamus, 4707, MALE,
Vernal, 126, MALE,
Stanley, 297099, MALE,
Warren, 172445, MALE,
Duane, 112842, MALE,
Lonie, 166, MALE,
Adolf, 496, MALE,
Harry, 397464, MALE,
Harrie, 6, MALE,
Wilmer, 11372, MALE,
Casper, 2003, MALE,
Talmage, 258, MALE,
Mac, 5219, MALE,
Lena, 21, MALE,
Burns, 12, MALE,
Demarcus, 11860, MALE,
Frances, 3491, MALE,
Abram, 12854, MALE,
Jamin, 955, MALE,
Muhammad, 10111, MALE,
Ignatius, 1630, MALE,
Randell, 8112, MALE,
Timmie, 1762, MALE,
Shemar, 1241, MALE,
Isaiah, 192326, MALE,
Chip, 2143, MALE,
Graysen, 936, MALE,
Lennox, 2196, MALE,
Randel, 1999, MALE,
Ian, 211561, MALE,
Harold, 546981, MALE,
Rayfield, 21, MALE,
Bernardo, 7321, MALE,
Eligah, 187, MALE,
Xavier, 120354, MALE,
Joel, 259665, MALE,
Reilly, 2227, MALE,
Percy, 28387, MALE,
Loyal, 2696, MALE,
Tito, 326, MALE,
Makhi, 1736, MALE,
Mitchell, 160394, MALE,
Hakeem, 2330, MALE,
Silver, 10, MALE,
Leslie, 109789, MALE,
Bird, 6, MALE,
Bernie, 7772, MALE,
Kipp, 367, MALE,
Tobin, 1565, MALE,
Creed, 39, MALE,
Jarret, 978, MALE,
Daisy, 13, MALE,
Wiley, 13177, MALE,
Jalon, 651, MALE,
Sylvester, 40020, MALE,
Oakley, 1974, MALE,
Jamison, 14911, MALE,
Trenton, 53222, MALE,
Sylas, 2596, MALE,
Carlton, 46701, MALE,
Kris, 11799, MALE,
Harve, 67, MALE,
Sincere, 5217, MALE,
Dewey, 32841, MALE,
Torry, 71, MALE,
Wright, 112, MALE,
Ransom, 581, MALE,
Barney, 14615, MALE,
Needham, 16, MALE,
Ishmael, 737, MALE,
Ray, 199050, MALE,
Kalvin, 845, MALE,
Cale, 6736, MALE,
Imanol, 357, MALE,
Gloria, 241, MALE,
Jonathan, 820077, MALE,
Darry, 391, MALE,
Oland, 9, MALE,
Shay, 1510, MALE,
Hobson, 66, MALE,
Dillion, 2071, MALE,
Jamil, 4693, MALE,
Estes, 7, MALE,
Olan, 783, MALE,
Kay, 2763, MALE,
Mervyn, 302, MALE,
Estell, 10, MALE,
Vivaan, 475, MALE,
Tavares, 1335, MALE,
Arland, 325, MALE,
Darl, 45, MALE,
Marty, 29877, MALE,
Wyman, 640, MALE,
Keyshawn, 2806, MALE,
Tyrone, 77698, MALE,
Toivo, 238, MALE,
Yehuda, 2010, MALE,
Budd, 12, MALE,
Bartley, 92, MALE,
Royal, 9881, MALE,
Ruby, 1978, MALE,
Oris, 475, MALE,
Ed, 22172, MALE,
Brandin, 626, MALE,
Jennings, 2545, MALE,
Dan, 102198, MALE,
Garfield, 3586, MALE,
Sarah, 1246, MALE,
Isidro, 3755, MALE,
Loren, 44094, MALE,
Hervey, 19, MALE,
Claudie, 2299, MALE,
Anton, 21065, MALE,
Graydon, 11, MALE,
Craig, 298076, MALE,
Erasmo, 56, MALE,
Logan, 293874, MALE,
Shelton, 9786, MALE,
Baxter, 490, MALE,
Darwin, 23229, MALE,
Michele, 482, MALE,
Ladarius, 2459, MALE,
Val, 4128, MALE,
Ferris, 167, MALE,
Edwardo, 4437, MALE,
Carson, 92715, MALE,
Marlo, 313, MALE,
Heath, 26741, MALE,
Lucius, 5299, MALE,
Germaine, 960, MALE,
Micky, 566, MALE,
Junius, 3759, MALE,
Trevor, 153304, MALE,
Brown, 375, MALE,
Maude, 46, MALE,
Juluis, 14, MALE,
Haven, 9, MALE,
Glen, 123145, MALE,
Lovell, 193, MALE,
Davis, 26856, MALE,
Joey, 50488, MALE,
Jess, 22462, MALE,
Mickey, 24900, MALE,
Cruz, 19818, MALE,
Owen, 157512, MALE,
Matthew, 1564959, MALE,
Farrell, 2490, MALE,
Bell, 8, MALE,
Hoyt, 5922, MALE,
Encarnacion, 13, MALE,
Levy, 522, MALE,
Bowen, 2179, MALE,
Franklyn, 3389, MALE,
Brixton, 207, MALE,
Hermon, 3296, MALE,
Dee, 5920, MALE,
Cristobal, 3088, MALE,
Jonatan, 418, MALE,
Tremayne, 1663, MALE,
Raymon, 4694, MALE,
Avi, 218, MALE,
Menachem, 2270, MALE,
Francesco, 3566, MALE,
Shaquille, 4521, MALE,
Loyd, 21168, MALE,
Demond, 2958, MALE,
Kamden, 6086, MALE,
Lars, 2021, MALE,
Martez, 1010, MALE,
Ezell, 1390, MALE,
Jamarion, 5826, MALE,
Kory, 12423, MALE,
Griffith, 7, MALE,
Benjamin, 700938, MALE,
Angus, 1606, MALE,
Almer, 40, MALE,
Rex, 55931, MALE,
Elvis, 15284, MALE,
Coleton, 150, MALE,
Presley, 16, MALE,
Porfirio, 113, MALE,
Orrie, 29, MALE,
Vinton, 7, MALE,
Alfonzo, 2638, MALE,
Mary, 13453, MALE,
Tegan, 202, MALE,
Walton, 3940, MALE,
Eliot, 1570, MALE,
Bradly, 7520, MALE,
Wilson, 44039, MALE,
Juston, 860, MALE,
Graham, 37484, MALE,
Cohen, 9745, MALE,
Ferdinand, 6687, MALE,
Dariel, 734, MALE,
Damien, 52281, MALE,
Vivian, 1410, MALE,
Blaine, 30376, MALE,
Zavion, 199, MALE,
Elva, 23, MALE,
Malcom, 1214, MALE,
Benjamen, 436, MALE,
Jerome, 158699, MALE,
Tristen, 18156, MALE,
Eliseo, 5474, MALE,
Oliver, 124359, MALE,
Willian, 1571, MALE,
Jodie, 547, MALE,
Orlin, 48, MALE,
Foster, 7303, MALE,
Demian, 150, MALE,
Finis, 867, MALE,
Aubra, 6, MALE,
Kenan, 136, MALE,
Ritchie, 2037, MALE,
Kevan, 804, MALE,
Amit, 955, MALE,
Alexis, 60286, MALE,
Hall, 21, MALE,
Smith, 1359, MALE,
Bennett, 31602, MALE,
Gurney, 20, MALE,
Elbridge, 12, MALE,
Hadley, 30, MALE,
Toney, 3826, MALE,
Goebel, 10, MALE,
Valentin, 5853, MALE,
Jaquez, 167, MALE,
Rance, 6, MALE,
Kohen, 1146, MALE,
Derik, 3345, MALE,
Isaac, 253341, MALE,
Fitzhugh, 57, MALE,
Devaughn, 135, MALE,
Hubbard, 31, MALE,
Teagan, 3112, MALE,
Philip, 335697, MALE,
Rich, 2590, MALE,
Deryl, 49, MALE,
Troy, 208467, MALE,
Arlo, 4086, MALE,
Ivy, 1359, MALE,
Crystal, 82, MALE,
Javon, 15570, MALE,
Jaiden, 24779, MALE,
Jorden, 5335, MALE,
Zackery, 16025, MALE,
Beryl, 1604, MALE,
Waino, 21, MALE,
Daron, 4996, MALE,
Sebastian, 123358, MALE,
Warner, 5282, MALE,
Deontae, 1019, MALE,
Devontae, 983, MALE,
Pierre, 15764, MALE,
Arbie, 8, MALE,
Tex, 593, MALE,
Merl, 1548, MALE,
Sid, 437, MALE,
Tony, 246991, MALE,
Johann, 646, MALE,
Lacy, 5066, MALE,
Tuan, 176, MALE,
Harlan, 20266, MALE,
Basil, 9795, MALE,
Alonzo, 38971, MALE,
Artie, 2848, MALE,
Robin, 41831, MALE,
Grady, 44250, MALE,
Ely, 39, MALE,
Ted, 73054, MALE,
Leandro, 2809, MALE,
Ryne, 2390, MALE,
Raheem, 4666, MALE,
Tiffany, 114, MALE,
Junior, 39722, MALE,
Kalen, 863, MALE,
Abraham, 82942, MALE,
Evert, 2036, MALE,
Keenen, 248, MALE,
Phoenix, 10800, MALE,
Otha, 5221, MALE,
Bernice, 2748, MALE,
Casey, 108325, MALE,
Langston, 882, MALE,
Stafford, 49, MALE,
Coby, 6597, MALE,
Bryson, 48884, MALE,
Koen, 1119, MALE,
Arvo, 43, MALE,
Cosmo, 182, MALE,
Ameer, 1150, MALE,
Christian, 399622, MALE,
Winfred, 8833, MALE,
Manford, 185, MALE,
Eldred, 2457, MALE,
Jovanni, 3118, MALE,
Joan, 2300, MALE,
Mart, 46, MALE,
Samir, 5827, MALE,
Deonta, 539, MALE,
Salvatore, 54791, MALE,
Lennie, 949, MALE,
Desi, 125, MALE,
Dolphus, 62, MALE,
Mont, 51, MALE,
Kolten, 2164, MALE,
Humphrey, 27, MALE,
Arnett, 17, MALE,
Owens, 13, MALE,
Brayan, 12859, MALE,
Angel, 215764, MALE,
Carlos, 279434, MALE,
Jarrett, 20126, MALE,
Jordon, 11767, MALE,
Chris, 142611, MALE,
Miles, 70211, MALE,
Trystan, 2292, MALE,
Kraig, 4706, MALE,
Janice, 92, MALE,
Abel, 44265, MALE,
Otis, 53864, MALE,
Brendon, 18596, MALE,
Case, 3742, MALE,
Cooper, 70104, MALE,
Victoriano, 8, MALE,
Winston, 24984, MALE,
Faron, 1272, MALE,
Adonis, 5739, MALE,
Rolf, 1488, MALE,
Offie, 7, MALE,
Mose, 5519, MALE,
Howell, 2838, MALE,
Greg, 75927, MALE,
Fabian, 35381, MALE,
Abdiel, 1998, MALE,
Tobias, 15133, MALE,
Devonta, 1698, MALE,
Enrique, 55378, MALE,
Johnny, 309317, MALE,
Dwight, 76090, MALE,
Melville, 1178, MALE,
Attilio, 193, MALE,
Emile, 5578, MALE,
Marquez, 3271, MALE,
Hayden, 89454, MALE,
Casimer, 1355, MALE,
Lester, 126051, MALE,
Doll, 7, MALE,
Christop, 1082, MALE,
Mannie, 58, MALE,
Vashon, 172, MALE,
Korey, 9345, MALE,
Judith, 637, MALE,
Nevin, 303, MALE,
Trenten, 172, MALE,
Irene, 149, MALE,
Arjun, 5481, MALE,
Allen, 263253, MALE,
Jarvis, 14272, MALE,
Benson, 3005, MALE,
Nat, 669, MALE,
Norman, 248579, MALE,
Jasmine, 151, MALE,
Jasper, 35253, MALE,
Webb, 71, MALE,
Nora, 65, MALE,
Daren, 8037, MALE,
Zeb, 106, MALE,
Lafayette, 2245, MALE,
River, 11872, MALE,
Lowell, 39319, MALE,
James, 5066934, MALE,
Uriah, 4607, MALE,
Gabriel, 317962, MALE,
Luka, 4012, MALE,
Barrett, 14073, MALE,
Sam, 117730, MALE,
Donta, 2141, MALE,
Ancil, 6, MALE,
Camdyn, 1474, MALE,
Clair, 11324, MALE,
Dora, 32, MALE,
Wendell, 51097, MALE,
Guss, 263, MALE,
Andrew, 1260062, MALE,
Donald, 1409160, MALE,
Aurelio, 2372, MALE,
Lish, 6, MALE,
Hughes, 61, MALE,
Michelle, 1746, MALE,
Callen, 2746, MALE,
Merlyn, 2492, MALE,
Carroll, 33937, MALE,
Delton, 2371, MALE,
Garner, 158, MALE,
Martha, 249, MALE,
Zechariah, 7920, MALE,
Johnathon, 23912, MALE,
Jedediah, 1349, MALE,
Angela, 636, MALE,
Wm, 1481, MALE,
Trevin, 1290, MALE,
Merton, 3367, MALE,
Latrell, 1245, MALE,
Ronnie, 180322, MALE,
Julius, 73640, MALE,
Oran, 2386, MALE,
Hurley, 547, MALE,
Dereon, 663, MALE,
Odus, 24, MALE,
Trae, 947, MALE,
Loran, 2145, MALE,
Ned, 15593, MALE,
Marcelino, 1620, MALE,
Landan, 197, MALE,
Rocky, 23909, MALE,
Connor, 190006, MALE,
Sing, 18, MALE,
Freddy, 24604, MALE,
Donny, 10896, MALE,
Treyton, 386, MALE,
Chesley, 110, MALE,
Erland, 6, MALE,
Cleve, 3002, MALE,
Deacon, 4969, MALE,
Anfernee, 717, MALE,
Kobe, 14671, MALE,
Clint, 29497, MALE,
Arvil, 1840, MALE,
Denzil, 2261, MALE,
Alvaro, 13209, MALE,
Titus, 15165, MALE,
Amy, 650, MALE,
Fernand, 485, MALE,
Jeremiah, 177539, MALE,
Jody, 29092, MALE,
Silas, 36220, MALE,
Kim, 33679, MALE,
Abner, 2034, MALE,
Gino, 9262, MALE,
Genie, 8, MALE,
Lawson, 8297, MALE,
Alpha, 127, MALE,
Cason, 6039, MALE,
Stetson, 1625, MALE,
Alois, 1686, MALE,
Lambert, 1612, MALE,
Cliff, 7466, MALE,
Dale, 275589, MALE,
Burnice, 51, MALE,
Maddux, 412, MALE,
Woodie, 201, MALE,
Gilmer, 9, MALE,
Edson, 80, MALE,
Raphael, 18008, MALE,
Lessie, 28, MALE,
Sutton, 217, MALE,
Spencer, 113078, MALE,
Knute, 7, MALE,
Jessie, 107717, MALE,
Zebulon, 398, MALE,
Alain, 83, MALE,
Lonny, 5334, MALE,
Hardy, 3533, MALE,
Rand, 1366, MALE,
Elliot, 35047, MALE,
Horace, 50906, MALE,
Clarnce, 24, MALE,
Lynwood, 2702, MALE,
Rome, 9, MALE,
Kazuo, 158, MALE,
Red, 6, MALE,
Ross, 78902, MALE,
Trace, 9439, MALE,
Riley, 89127, MALE,
Lavern, 8594, MALE,
Kevin, 1158193, MALE,
Rhys, 4999, MALE,
Delmar, 12561, MALE,
Devonte, 9100, MALE,
Acie, 94, MALE,
Elizah, 6, MALE,
Winford, 3452, MALE,
Destin, 2719, MALE,
Mohammed, 11201, MALE,
Jordi, 377, MALE,
Khari, 159, MALE,
Dorsey, 4086, MALE,
Burley, 747, MALE,
Hughey, 8, MALE,
Autry, 195, MALE,
Johnpaul, 1654, MALE,
Tyreek, 533, MALE,
Cristiano, 920, MALE,
Eliezer, 2693, MALE,
Octavius, 232, MALE,
Tahj, 379, MALE,
Bartholomew, 477, MALE,
Burgess, 6, MALE,
Toma, 84, MALE,
Hershel, 8174, MALE,
Saint, 17, MALE,
Herschel, 8647, MALE,
Reginal, 479, MALE,
Darwyn, 67, MALE,
Alexandre, 1487, MALE,
Benjamine, 62, MALE,
Irwin, 13883, MALE,
Florian, 2224, MALE,
Rustin, 172, MALE,
Isidor, 8, MALE,
Cole, 124797, MALE,
Gustavo, 34821, MALE,
Giancarlo, 6000, MALE,
Willard, 74701, MALE,
Heber, 212, MALE,
Gregorio, 8235, MALE,
Pearl, 2685, MALE,
Elias, 65606, MALE,
Audie, 1716, MALE,
Lenwood, 472, MALE,
Tristian, 5432, MALE,
Nicole, 600, MALE,
Tayshaun, 360, MALE,
Edmond, 21605, MALE,
Bryton, 256, MALE,
Domenick, 1915, MALE,
Mark, 1344931, MALE,
Nile, 15, MALE,
Ingram, 6, MALE,
Joe, 442850, MALE,
Sim, 290, MALE,
Gavyn, 3905, MALE,
Jace, 51833, MALE,
Harris, 9945, MALE,
Leeroy, 2320, MALE,
Archibald, 1249, MALE,
Giovanni, 59458, MALE,
Anakin, 454, MALE,
Tyrik, 162, MALE,
Billie, 30443, MALE,
Terance, 180, MALE,
Hoy, 12, MALE,
Ossie, 102, MALE,
Davion, 10286, MALE,
Aydin, 3783, MALE,
Derek, 225856, MALE,
Toby, 31991, MALE,
Judson, 8317, MALE,
Robley, 12, MALE,
Jeramy, 3238, MALE,
Gunnar, 10942, MALE,
Franklin, 132867, MALE,
Kaeden, 3509, MALE,
Minor, 179, MALE,
Lorenz, 28, MALE,
Severo, 8, MALE,
Flint, 186, MALE,
Dennis, 615148, MALE,
Teddy, 30179, MALE,
Brayson, 213, MALE,
Dawson, 29216, MALE,
Anastacio, 20, MALE,
Zakary, 3479, MALE,
Floy, 22, MALE,
Trevion, 1014, MALE,
Halsey, 7, MALE,
Rock, 1050, MALE,
Elwin, 3879, MALE,
Verna, 8, MALE,
Pleasant, 56, MALE,
Tomie, 104, MALE,
Blair, 12647, MALE,
Stephon, 5892, MALE,
Odis, 6897, MALE,
Junious, 245, MALE,
Sydney, 5489, MALE,
Brentley, 1489, MALE,
Hobart, 2784, MALE,
Dorris, 543, MALE,
Huey, 5426, MALE,
Lee, 226090, MALE,
Lamar, 32183, MALE,
Roe, 38, MALE,
Heather, 304, MALE,
Alonza, 556, MALE,
Immanuel, 2152, MALE,
Kalel, 909, MALE,
Chauncey, 6247, MALE,
Kamryn, 1872, MALE,
Rosco, 48, MALE,
Jeffrey, 970986, MALE,
Gasper, 61, MALE,
Richie, 3322, MALE,
Reno, 554, MALE,
Josiah, 84792, MALE,
Carsen, 631, MALE,
Isadore, 4134, MALE,
Deondre, 1684, MALE,
Sigurd, 45, MALE,
Brysen, 434, MALE,
Ronald, 1076491, MALE,
Johney, 33, MALE,
Jacky, 3679, MALE,
Wellington, 591, MALE,
Darrick, 6204, MALE,
Wayman, 320, MALE,
Belton, 20, MALE,
Zackary, 29140, MALE,
Fenton, 50, MALE,
Sampson, 263, MALE,
Barbara, 3307, MALE,
Orvel, 92, MALE,
Darryn, 137, MALE,
Corban, 404, MALE,
Marchello, 109, MALE,
Emmitt, 7009, MALE,
Carlisle, 26, MALE,
Anthoney, 60, MALE,
Adam, 538576, MALE,
Cassius, 2024, MALE,
Theron, 9710, MALE,
Dane, 30086, MALE,
Britt, 2370, MALE,
Seldon, 14, MALE,
Emmanuel, 66994, MALE,
Taj, 218, MALE,
Male, 691, MALE,
Colie, 39, MALE,
Len, 2604, MALE,
Clarence, 292226, MALE,
Rey, 3493, MALE,
Hansel, 52, MALE,
Bee, 149, MALE,
Jerald, 24257, MALE,
Shoji, 81, MALE,
Lola, 15, MALE,
Randal, 27164, MALE,
Domenico, 51, MALE,
Javion, 4635, MALE,
Eden, 2695, MALE,
Jedidiah, 3654, MALE,
Skip, 920, MALE,
Doctor, 61, MALE,
Christophe, 3095, MALE,
Jed, 5839, MALE,
Brody, 59754, MALE,
Alfred, 236267, MALE,
Wayland, 1105, MALE,
Joziah, 1464, MALE,
Ulysses, 14581, MALE,
Amon, 12, MALE,
Randolf, 118, MALE,
Richard, 2551155, MALE,
Alvan, 101, MALE,
Bently, 1399, MALE,
Monty, 12916, MALE,
Ova, 7, MALE,
Chalmers, 21, MALE,
Carrol, 5457, MALE,
Collis, 17, MALE,
Earle, 10239, MALE,
Lea, 7, MALE,
Foch, 58, MALE,
Forrest, 45316, MALE,
Bradford, 30107, MALE,
Davian, 3677, MALE,
Luverne, 164, MALE,
Yaakov, 208, MALE,
Harley, 37134, MALE,
Kristofer, 7766, MALE,
Dayne, 148, MALE,
Baron, 1894, MALE,
Shannon, 49950, MALE,
Zayne, 4081, MALE,
Gaige, 2606, MALE,
Carol, 7852, MALE,
Neely, 6, MALE,
Destry, 149, MALE,
Lex, 303, MALE,
Maxie, 3511, MALE,
Pat, 25855, MALE,
Shirley, 8754, MALE,
Jayse, 441, MALE,
Hollis, 11453, MALE,
Jase, 15314, MALE,
Mateo, 31113, MALE,
Shafter, 14, MALE,
Audrey, 1456, MALE,
Kaison, 545, MALE,
Abbie, 5, MALE,
Cassidy, 1188, MALE,
Braylin, 219, MALE,
Cael, 2475, MALE,
Les, 2034, MALE,
Omari, 6058, MALE,
Ludwig, 1223, MALE,
Lue, 12, MALE,
Rick, 79252, MALE,
Wash, 235, MALE,
Toshio, 115, MALE,
Kristopher, 60297, MALE,
Dick, 28508, MALE,
Danielle, 307, MALE,
Jerrold, 7122, MALE,
Luis, 262982, MALE,
Robt, 16, MALE,
Finnegan, 5255, MALE,
Quinn, 28509, MALE,
Algie, 109, MALE,
Burt, 5564, MALE,
Aaden, 3906, MALE,
Mckinley, 6170, MALE,
Efren, 5232, MALE,
Jerrod, 8117, MALE,
Americo, 1476, MALE,
Austyn, 2606, MALE,
Ozzie, 7, MALE,
Roby, 31, MALE,
Layne, 8777, MALE,
Plummer, 19, MALE,
Brian, 1159931, MALE,
Ammon, 46, MALE,
Levern, 119, MALE,
Gibson, 1422, MALE,
Perry, 71982, MALE,
Micheal, 152763, MALE,
Thorwald, 8, MALE,
Errol, 6547, MALE,
Agustin, 13420, MALE,
Carmine, 9610, MALE,
Shedrick, 245, MALE,
Arlyn, 444, MALE,
Reid, 29093, MALE,
Keaton, 17826, MALE,
Paxton, 12290, MALE,
Lennon, 2296, MALE,
Deric, 2500, MALE,
Volney, 9, MALE,
Adlai, 32, MALE,
Virgil, 68329, MALE,
Chad, 238617, MALE,
Millard, 15276, MALE,
Rollo, 36, MALE,
Andrae, 528, MALE,
Rhett, 13817, MALE,
Clarance, 3153, MALE,
Grayling, 119, MALE,
Wilfredo, 7096, MALE,
Rod, 7406, MALE,
Weston, 33740, MALE,
Henrik, 518, MALE,
Dozier, 6, MALE,
Ramon, 73894, MALE,
Unknown, 6972, MALE,
Domingo, 11536, MALE,
Reyansh, 462, MALE,
Derrek, 548, MALE,
Stoney, 737, MALE,
Tommy, 175006, MALE,
Malik, 41177, MALE,
Myles, 36169, MALE,
Hiroshi, 670, MALE,
Denzel, 7785, MALE,
Abelardo, 68, MALE,
Easton, 33441, MALE,
Van, 25201, MALE,
Hans, 12040, MALE,
Dangelo, 5892, MALE,
Yahya, 211, MALE,
Camron, 12610, MALE,
Dominick, 60271, MALE,
Tyler, 574895, MALE,
Derrick, 140126, MALE,
Barron, 1057, MALE,
Orlo, 45, MALE,
Omarion, 2632, MALE,
Jerimiah, 1834, MALE,
Donal, 2010, MALE,
Alfonse, 165, MALE,
Savion, 2845, MALE,
Charley, 18155, MALE,
Augusta, 118, MALE,
Damian, 75715, MALE,
Hilbert, 1078, MALE,
Adin, 369, MALE,
Hung, 88, MALE,
Roderick, 45374, MALE,
Derick, 17600, MALE,
May, 49, MALE,
Chadrick, 1063, MALE,
Jordyn, 3417, MALE,
Aime, 8, MALE,
Zion, 22105, MALE,
Hank, 7245, MALE,
Guido, 1885, MALE,
Kole, 6716, MALE,
Royce, 25453, MALE,
Cade, 24001, MALE,
Sidney, 80713, MALE,
Mamie, 15, MALE,
Lisandro, 179, MALE,
Anders, 1678, MALE,
Briggs, 1026, MALE,
Jude, 27644, MALE,
Eloy, 5059, MALE,
Wyatt, 127146, MALE,
Dakoda, 536, MALE,
Deante, 671, MALE,
Karson, 9714, MALE,
Briar, 203, MALE,
Hartley, 20, MALE,
Bryan, 375579, MALE,
Gorden, 484, MALE,
Jeffry, 13533, MALE,
Denton, 474, MALE,
Rashaan, 140, MALE,
Wilton, 6699, MALE,
Mell, 6, MALE,
Romello, 306, MALE,
Jaxen, 2791, MALE,
Talmadge, 3813, MALE,
Max, 140753, MALE,
Hosie, 67, MALE,
Elick, 6, MALE,
Osvaldo, 12475, MALE,
Kimball, 175, MALE,
Rush, 85, MALE,
Raekwon, 1459, MALE,
Brook, 1527, MALE,
Nasir, 9478, MALE,
Marques, 6470, MALE,
Moe, 234, MALE,
Patricia, 3849, MALE,
Harrell, 839, MALE,
Darrell, 158127, MALE,
Eino, 441, MALE,
Evans, 2176, MALE,
Rahn, 66, MALE,
Lynn, 50807, MALE,
Duncan, 18787, MALE,
Quinten, 4635, MALE,
Matt, 21445, MALE,
Janet, 88, MALE,
Deron, 3271, MALE,
Dominik, 6959, MALE,
Malvin, 837, MALE,
Add, 16, MALE,
Zeno, 39, MALE,
Shayne, 8892, MALE,
Gus, 14498, MALE,
Denver, 12098, MALE,
Ron, 34189, MALE,
Albin, 2910, MALE,
Wilkie, 61, MALE,
Loring, 15, MALE,
Dirk, 9078, MALE,
Darron, 4124, MALE,
Chuck, 16568, MALE,
Nestor, 6655, MALE,
Elbert, 31135, MALE,
Dequan, 2035, MALE,
Bennie, 50113, MALE,
Luca, 18245, MALE,
Guadalupe, 23505, MALE,
Laurance, 53, MALE,
Juelz, 874, MALE,
Edwin, 235085, MALE,
Krish, 2188, MALE,
Orland, 942, MALE,
Sol, 5098, MALE,
Eldon, 23488, MALE,
Kareen, 71, MALE,
Lemmie, 22, MALE,
Hamilton, 1534, MALE,
Uriel, 13849, MALE,
Lucca, 1118, MALE,
Giovani, 4294, MALE,
Nicholaus, 1193, MALE,
Don, 164340, MALE,
June, 1962, MALE,
David, 3582185, MALE,
Deandre, 26281, MALE,
Apollo, 1009, MALE,
Jamar, 14195, MALE,
Seward, 20, MALE,
Dell, 2363, MALE,
Rohan, 8049, MALE,
Kian, 5657, MALE,
Tobe, 127, MALE,
Lige, 313, MALE,
Timmothy, 2335, MALE,
Lanny, 8657, MALE,
Romeo, 14228, MALE,
Kiyoshi, 397, MALE,
Demario, 3392, MALE,
Lyle, 54669, MALE,
Ward, 13060, MALE,
Eldridge, 3574, MALE,
Delmer, 6568, MALE,
Everett, 94602, MALE,
Merwin, 744, MALE,
Antwain, 366, MALE,
Jelani, 151, MALE,
Jamarcus, 3273, MALE,
Korbin, 5565, MALE,
Kelley, 3669, MALE,
Refugio, 1137, MALE,
Prentiss, 56, MALE,
Arne, 606, MALE,
Sumner, 779, MALE,
Nathen, 2784, MALE,
Ezekiel, 31313, MALE,
Cap, 17, MALE,
Jahiem, 586, MALE,
Melvyn, 2848, MALE,
Wade, 66525, MALE,
Frederick, 255100, MALE,
Luther, 61309, MALE,
Dominique, 21508, MALE,
Jairo, 8554, MALE,
Cortney, 1980, MALE,
Jame, 1424, MALE,
Claus, 21, MALE,
Che, 571, MALE,
Lesley, 2955, MALE,
Johny, 667, MALE,
Pedro, 86061, MALE,
Virginia, 842, MALE,
Tab, 425, MALE,
Kahlil, 749, MALE,
Nelson, 75183, MALE,
Khiry, 535, MALE,
Nikolas, 19149, MALE,
Braden, 42222, MALE,
Sanders, 120, MALE,
Markell, 950, MALE,
Vic, 570, MALE,
Sullivan, 5223, MALE,
Ambrose, 5119, MALE,
Leonidas, 2582, MALE,
Rashad, 14722, MALE,
Boris, 689, MALE,
Russ, 4359, MALE,
Ephriam, 51, MALE,
Julian, 186002, MALE,
Gauge, 2989, MALE,
Dorman, 525, MALE,
Lawton, 105, MALE,
Thurston, 950, MALE,
Barnett, 50, MALE,
Jeff, 117397, MALE,
Florence, 441, MALE,
Bud, 7877, MALE,
Chandler, 29704, MALE,
Jaeden, 3861, MALE,
Hubert, 54957, MALE,
Claudio, 645, MALE,
Robby, 8592, MALE,
Cornel, 59, MALE,
Yousef, 1286, MALE,
Kael, 1336, MALE,
Chas, 1178, MALE,
Jamir, 3857, MALE,
Antwan, 10798, MALE,
Ballard, 21, MALE,
Farris, 724, MALE,
Cleveland, 19564, MALE,
Asbury, 36, MALE,
Renaldo, 459, MALE,
Elmer, 122105, MALE,
Ebb, 13, MALE,
Griffin, 33235, MALE,
Darren, 100337, MALE,
Callie, 44, MALE,
Gianni, 7441, MALE,
Wes, 1566, MALE,
Chancy, 8, MALE,
Kit, 889, MALE,
Ricky, 219422, MALE,
Jones, 751, MALE,
Sylvanus, 8, MALE,
Skylar, 16147, MALE,
Geraldo, 115, MALE,
Brad, 81522, MALE,
Paul, 1378960, MALE,
Makai, 3382, MALE,
Oral, 1453, MALE,
Caden, 55006, MALE,
Cedrick, 3812, MALE,
Edsel, 2353, MALE,
Orson, 36, MALE,
Michael, 4320369, MALE,
Greggory, 3703, MALE,
Murdock, 7, MALE,
Donte, 14002, MALE,
Evander, 7, MALE,
Leonardo, 53700, MALE,
Cecil, 103212, MALE,
Butler, 106, MALE,
Conway, 68, MALE,
Clemens, 696, MALE,
Jericho, 440, MALE,
Dominic, 152034, MALE,
Harvey, 113731, MALE,
Felipe, 29001, MALE,
Mattie, 147, MALE,
Torrence, 518, MALE,
Cody, 279133, MALE,
Bentlee, 2125, MALE,
Ridge, 430, MALE,
Cordaro, 107, MALE,
Prince, 12347, MALE,
Ellsworth, 6378, MALE,
Vinson, 461, MALE,
Isaias, 10998, MALE,
Lafe, 6, MALE,
Gaven, 2223, MALE,
Elmore, 2867, MALE,
Finn, 13220, MALE,
Bryon, 12723, MALE,
Harrison, 65393, MALE,
Lachlan, 747, MALE,
Jim, 147697, MALE,
Brandan, 4026, MALE,
Brycen, 8838, MALE,
Conrad, 33315, MALE,
Jaimie, 172, MALE,
Gavin, 162193, MALE,
Erich, 9174, MALE,
Author, 614, MALE,
Achilles, 212, MALE,
Antwon, 3388, MALE,
Adalberto, 95, MALE,
Moses, 36373, MALE,
Reino, 240, MALE,
Aden, 16129, MALE,
Cash, 13344, MALE,
Flem, 6, MALE,
Jaylen, 30507, MALE,
Butch, 2321, MALE,
Daryl, 60315, MALE,
Coty, 4402, MALE,
Preston, 106395, MALE,
Namon, 7, MALE,
Wong, 62, MALE,
Glover, 60, MALE,
Elgin, 920, MALE,
Chadd, 1178, MALE,
Hayward, 3835, MALE,
Kyan, 1292, MALE,
Hayes, 2966, MALE,
Pete, 40660, MALE,
Williams, 2688, MALE,
Rowland, 2372, MALE,
Carolyn, 493, MALE,
Shane, 185434, MALE,
Price, 618, MALE,
Sergio, 72461, MALE,
Everette, 8088, MALE,
Fredie, 10, MALE,
Randolph, 47540, MALE,
Stephanie, 898, MALE,
Hillard, 1250, MALE,
Otho, 2433, MALE,
Kash, 4306, MALE,
Masen, 764, MALE,
Arden, 4849, MALE,
Trever, 4717, MALE,
Gennaro, 30, MALE,
Durwood, 1772, MALE,
Glenwood, 442, MALE,
Justine, 1027, MALE,
Lem, 236, MALE,
Brogan, 1238, MALE,
Jermain, 609, MALE,
Alphonse, 8604, MALE,
Clay, 35705, MALE,
Eddie, 207058, MALE,
Aron, 17314, MALE,
Russell, 350274, MALE,
Cloyd, 2086, MALE,
Jaidyn, 1882, MALE,
Faustino, 143, MALE,
Carrie, 87, MALE,
Georgie, 7, MALE,
Parrish, 1119, MALE,
Marie, 348, MALE,
Francisco, 129753, MALE,
Ayaan, 2752, MALE,
Kevon, 3220, MALE,
Elige, 64, MALE,
Timothy, 1062767, MALE,
Eva, 115, MALE,
Tucker, 33615, MALE,
Katherine, 11, MALE,
Sterling, 29328, MALE,
Theo, 5249, MALE,
Melvin, 240741, MALE,
Kase, 1025, MALE,
Stephen, 852328, MALE,
Berton, 224, MALE,
Jordan, 358639, MALE,
Deane, 922, MALE,
Cleave, 24, MALE,
Tyquan, 1317, MALE,
Gaither, 7, MALE,
Winnie, 7, MALE,
Tammy, 513, MALE,
Shanon, 794, MALE,
Ewart, 9, MALE,
Codey, 1827, MALE,
Cris, 1271, MALE,
Thaddeus, 22505, MALE,
Lionel, 27578, MALE,
Cortez, 7784, MALE,
Solomon, 29696, MALE,
Kegan, 1130, MALE,
Kade, 13487, MALE,
Chalmer, 426, MALE,
Merritt, 3284, MALE,
Montana, 1196, MALE,
Deward, 204, MALE,
Jemal, 204, MALE,
Evan, 251626, MALE,
Melton, 3076, MALE,
Kiefer, 347, MALE,
Jarrell, 1210, MALE,
Ovila, 7, MALE,
Cornell, 8546, MALE,
Simpson, 11, MALE,
Eddy, 10083, MALE,
Collier, 7, MALE,
Abdullah, 4616, MALE,
Savon, 489, MALE,
Garrick, 3094, MALE,
Sandy, 8751, MALE,
Dion, 15131, MALE,
Gardner, 742, MALE,
Darrel, 28211, MALE,
Lavar, 711, MALE,
Alek, 712, MALE,
Josef, 6036, MALE,
Blaze, 4071, MALE,
Rudolfo, 246, MALE,
Ferd, 49, MALE,
Coen, 874, MALE,
Julia, 58, MALE,
Boden, 418, MALE,
Fidel, 8997, MALE,
Dax, 4083, MALE,
Brain, 3671, MALE,
Arvel, 1169, MALE,
Ruben, 109328, MALE,
Tatum, 2450, MALE,
Evelyn, 120, MALE,
Daylen, 200, MALE,
Ty, 43164, MALE,
Remy, 2199, MALE,
Bodhi, 1962, MALE,
Reggie, 8881, MALE,
Raylan, 2529, MALE,
Toy, 59, MALE,
Montie, 61, MALE,
Delano, 1613, MALE,
Ella, 90, MALE,
Dylan, 341741, MALE,
Harlon, 44, MALE,
Camren, 5020, MALE,
Grace, 204, MALE,
Tremaine, 1230, MALE,
Kaysen, 1075, MALE,
Rossie, 17, MALE,
Claude, 85805, MALE,
Clemence, 9, MALE,
Benard, 9, MALE,
Alcide, 86, MALE,
Link, 6, MALE,
Garett, 3080, MALE,
Gay, 77, MALE,
Conor, 20206, MALE,
Zollie, 44, MALE,
Leander, 3152, MALE,
Orvin, 45, MALE,
Deborah, 867, MALE,
Rylee, 3469, MALE,
George, 1409995, MALE,
Jaydon, 7655, MALE,
Corwin, 237, MALE,
Taft, 220, MALE,
Dow, 48, MALE,
Laurence, 37200, MALE,
Jeremey, 2450, MALE,
Marilyn, 45, MALE,
Windell, 1192, MALE,
Haiden, 1795, MALE,
Lannie, 382, MALE,
Daniel, 1876755, MALE,
Ulises, 8720, MALE,
Landin, 866, MALE,
Guillermo, 28760, MALE,
Ebert, 6, MALE,
Enoch, 5615, MALE,
Rasheed, 2270, MALE,
Donnell, 11438, MALE,
Beecher, 23, MALE,
Ivory, 6145, MALE,
Jamie, 83979, MALE,
Sabastian, 708, MALE,
Nash, 6840, MALE,
Terry, 421695, MALE,
Coley, 44, MALE,
Carmelo, 7453, MALE,
Denis, 16187, MALE,
Tobie, 8, MALE,
Pamela, 123, MALE,
Donell, 2228, MALE,
Mathew, 73427, MALE,
Linton, 93, MALE,
Ronal, 61, MALE,
Cayden, 28386, MALE,
Scottie, 8022, MALE,
Grover, 22628, MALE,
Marcelo, 5408, MALE,
Kingsley, 1490, MALE,
Zane, 41411, MALE,
Lawyer, 83, MALE,
Tyriq, 351, MALE,
Haskell, 2572, MALE,
Daryle, 1140, MALE,
Mearl, 47, MALE,
Deven, 8841, MALE,
Remington, 9345, MALE,
Maverick, 11890, MALE,
Tollie, 8, MALE,
